Date,max_temperature,min_temperature
1/1/1981,38.1,20.7
1/2/1981,,17.9
1/3/1981,34.5,18.8
1/4/1981,20.7,14.6
1/5/1981,21.5,15.8
1/6/1981,300,-800
1/7/1981,29.7,15.8
1/8/1981,36.6,17.4
1/9/1981,,21.8
1/10/1981,300,20
1/11/1981,20.4,16.2
1/12/1981,30.1,13.3
1/13/1981,38.7,16.7
1/14/1981,41.4,21.5
1/15/1981,300,25
1/16/1981,36,-800
1/17/1981,,20.6
1/18/1981,38,24.8
1/19/1981,23,17.7
1/20/1981,300,15.5
1/21/1981,27.5,
1/22/1981,21.7,12.1
1/23/1981,22.9,14.4
1/24/1981,26.2,-800
1/25/1981,300,16.5
1/26/1981,41.8,
1/27/1981,21.5,19.4
1/28/1981,19.2,17.2
1/29/1981,25,15.5
1/30/1981,300,15.1
1/31/1981,23.2,15.4
2/1/1981,31.5,-800
2/2/1981,36.2,18.8
2/3/1981,38.2,21.9
2/4/1981,26.4,19.9
2/5/1981,20.9,16.6
2/6/1981,21.5,16.8
2/7/1981,30.2,14.6
2/8/1981,300,17.1
2/9/1981,32.6,25
2/10/1981,22.2,15
2/11/1981,21.7,13.7
2/12/1981,30,13.9
2/13/1981,35.7,18.3
2/14/1981,32.8,22
2/15/1981,39.3,22.1
2/16/1981,25.5,21.2
2/17/1981,23,-800
2/18/1981,19.9,16.6
2/19/1981,21.3,16.1
2/20/1981,20.8,15.7
2/21/1981,21.7,16.6
2/22/1981,23.8,
2/23/1981,29,14.4
2/24/1981,,14.4
2/25/1981,21.3,18.5
2/26/1981,28.5,16.9
2/27/1981,33.6,17.5
2/28/1981,,21.2
3/1/1981,34.2,17.8
3/2/1981,27,18.6
3/3/1981,24.2,17
3/4/1981,19.9,16
3/5/1981,19.7,13.3
3/6/1981,21.5,14.3
3/7/1981,30.6,11.4
3/8/1981,30,16.3
3/9/1981,19,16.1
3/10/1981,19.6,11.8
3/11/1981,20.6,12.2
3/12/1981,23.6,14.7
3/13/1981,17.9,11.8
3/14/1981,17.3,11.3
3/15/1981,21.4,10.6
3/16/1981,24.1,11.7
3/17/1981,20.9,14.2
3/18/1981,30.1,11.2
3/19/1981,32.6,16.9
3/20/1981,21.3,16.7
3/21/1981,19.5,8.1
3/22/1981,19.9,8
3/23/1981,21,8.8
3/24/1981,25.4,13.4
3/25/1981,17.5,10.9
3/26/1981,20.4,13.4
3/27/1981,26.8,11
3/28/1981,25.8,15
3/29/1981,20.9,15.7
3/30/1981,19.4,14.5
3/31/1981,25.8,15.8
4/1/1981,26.3,16.7
4/2/1981,29.6,16.8
4/3/1981,30.3,17.5
4/4/1981,23.6,17.1
4/5/1981,28.4,18.1
4/6/1981,20.7,16.6
4/7/1981,24.1,10
4/8/1981,27.3,14.9
4/9/1981,23.2,15.9
4/10/1981,300,13
4/11/1981,24.6,7.6
4/12/1981,27.4,-800
4/13/1981,20.4,13.5
4/14/1981,18.1,13
4/15/1981,25.2,13.3
4/16/1981,19.8,12.1
4/17/1981,21,12.4
4/18/1981,23.7,13.2
4/19/1981,19.6,13.8
4/20/1981,18.1,10.6
4/21/1981,20.8,9
4/22/1981,26,10
4/23/1981,18.4,9.8
4/24/1981,22,11.5
4/25/1981,14.4,8.9
4/26/1981,19.9,7.4
4/27/1981,22.6,9.9
4/28/1981,13.7,9.3
4/29/1981,15.9,9.9
4/30/1981,21.2,7.4
5/1/1981,23.7,8.6
5/2/1981,24,11.9
5/3/1981,17.2,14
5/4/1981,23.2,8.6
5/5/1981,25.2,10
5/6/1981,17.2,13.5
5/7/1981,16,12
5/8/1981,15.6,
5/9/1981,,10.7
5/10/1981,16,8.1
5/11/1981,16.8,10.1
5/12/1981,14.6,10.6
5/13/1981,19.4,5.3
5/14/1981,21,6.6
5/15/1981,19.5,8.5
5/16/1981,18.5,11.2
5/17/1981,13.3,9.8
5/18/1981,13.7,5.9
5/19/1981,14.3,3.2
5/20/1981,14.1,2.1
5/21/1981,11.4,3.4
5/22/1981,13.6,5.4
5/23/1981,16.6,9.6
5/24/1981,,11.5
5/25/1981,14.6,-800
5/26/1981,17.2,
5/27/1981,14.4,11
5/28/1981,16.4,11.2
5/29/1981,300,11.4
5/30/1981,17.6,11.8
5/31/1981,17.2,12.8
6/1/1981,17.7,11.6
6/2/1981,14.2,10.6
6/3/1981,16.6,9.8
6/4/1981,15.7,11.2
6/5/1981,13.7,5.7
6/6/1981,14.7,7.1
6/7/1981,13.1,2.5
6/8/1981,12.9,3.5
6/9/1981,15.4,4.6
6/10/1981,11.9,11
6/11/1981,15.2,5.7
6/12/1981,15.3,7.7
6/13/1981,16.5,10.4
6/14/1981,16.1,11.4
6/15/1981,11.7,9.2
6/16/1981,11.2,6.1
6/17/1981,11.5,2.7
6/18/1981,10.8,4.3
6/19/1981,16.1,6.3
6/20/1981,14.8,3.8
6/21/1981,13.6,4.4
6/22/1981,13.8,7.1
6/23/1981,9.7,4.8
6/24/1981,10.7,5.8
6/25/1981,11,6.2
6/26/1981,15.3,7.3
6/27/1981,15.3,9.2
6/28/1981,17,10.2
6/29/1981,16,9.5
6/30/1981,16.3,9.5
7/1/1981,15.7,10.7
7/2/1981,14.5,10
7/3/1981,10.8,6.5
7/4/1981,10.5,7
7/5/1981,13.4,7.4
7/6/1981,12.2,8.1
7/7/1981,13.2,6.6
7/8/1981,13,8.3
7/9/1981,300,8.9
7/10/1981,13.1,4.6
7/11/1981,9.8,6.8
7/12/1981,10.5,5.7
7/13/1981,13.4,6.1
7/14/1981,11,7
7/15/1981,13.1,7.2
7/16/1981,15,6.3
7/17/1981,16.7,8.8
7/18/1981,16.1,5
7/19/1981,18.2,7.4
7/20/1981,15.7,10.1
7/21/1981,17.7,12
7/22/1981,15.9,9
7/23/1981,15.1,8.9
7/24/1981,15.2,9.8
7/25/1981,14.7,9
7/26/1981,13.3,9.2
7/27/1981,14.5,7.7
7/28/1981,300,8
7/29/1981,13.1,6.1
7/30/1981,13.7,3.5
7/31/1981,14.6,3.2
8/1/1981,12.9,5.7
8/2/1981,12.8,7.7
8/3/1981,15.2,9
8/4/1981,14.5,10
8/5/1981,17.2,6.2
8/6/1981,14.5,6.9
8/7/1981,14.4,6.5
8/8/1981,11,6.8
8/9/1981,13.1,7
8/10/1981,13.6,5.2
8/11/1981,14.6,3
8/12/1981,12.7,5.6
8/13/1981,13.6,7.9
8/14/1981,12.7,9
8/15/1981,15.5,8.6
8/16/1981,17.4,10.3
8/17/1981,15.2,10.5
8/18/1981,14.2,7.6
8/19/1981,17.7,9.7
8/20/1981,300,12.5
8/21/1981,12.5,7.4
8/22/1981,14.2,7.9
8/23/1981,15.3,3.9
8/24/1981,15.7,6.6
8/25/1981,17,4.6
8/26/1981,19,7
8/27/1981,13.1,6
8/28/1981,13.2,5.5
8/29/1981,13.2,8.1
8/30/1981,15.7,5.5
8/31/1981,14.1,6.2
9/1/1981,15.6,8
9/2/1981,15.5,10.3
9/3/1981,15.9,9.8
9/4/1981,15.1,9.6
9/5/1981,16,8.5
9/6/1981,19.4,7.5
9/7/1981,21.5,11.2
9/8/1981,23.7,14.6
9/9/1981,18.7,11.7
9/10/1981,23.8,7.8
9/11/1981,18,12.3
9/12/1981,16.2,10.1
9/13/1981,18.5,11.5
9/14/1981,20.6,7.3
9/15/1981,18.3,10.9
9/16/1981,22.5,14.1
9/17/1981,26.9,10.7
9/18/1981,19.4,16.9
9/19/1981,15.9,10.5
9/20/1981,20.5,6.5
9/21/1981,21.2,11
9/22/1981,19.5,6.3
9/23/1981,14.7,10.5
9/24/1981,17.6,7.2
9/25/1981,15.8,7.6
9/26/1981,17.7,10.7
9/27/1981,14.3,7.8
9/28/1981,16.8,9.6
9/29/1981,18.6,11.4
9/30/1981,21.9,12.4
10/1/1981,21.4,8.9
10/2/1981,20.8,13.2
10/3/1981,14,8.6
10/4/1981,17,6.2
10/5/1981,23,11.4
10/6/1981,26.4,13.2
10/7/1981,300,14.3
10/8/1981,22.+B3117,7.3
10/9/1981,26.9,12.9
10/10/1981,14.7,7.8
10/11/1981,15.2,6.2
10/12/1981,19.8,5.6
10/13/1981,26.9,10
10/14/1981,20.2,13.3
10/15/1981,14.3,8.3
10/16/1981,14.8,10.2
10/17/1981,18.5,8.6
10/18/1981,21.7,7.3
10/19/1981,21.4,10.4
10/20/1981,21.8,11.2
10/21/1981,18.2,13.2
10/22/1981,15.8,11.4
10/23/1981,15.3,9.1
10/24/1981,18.5,6.6
10/25/1981,19.2,8.4
10/26/1981,28.5,9.7
10/27/1981,32.2,13.2
10/28/1981,21.8,12.5
10/29/1981,22.1,11
10/30/1981,20.7,11
10/31/1981,17,11.7
11/1/1981,24.7,9.2
11/2/1981,26.2,11.5
11/3/1981,29,13.6
11/4/1981,21.6,13.7
11/5/1981,17.1,10.4
11/6/1981,300,11.5
11/7/1981,19.1,7.6
11/8/1981,24.7,9.6
11/9/1981,25.4,14.2
11/10/1981,19.8,15.7
11/11/1981,18.2,10.5
11/12/1981,16.3,10.5
11/13/1981,17,9.7
11/14/1981,17.7,9.5
11/15/1981,15.5,11.3
11/16/1981,14.7,8.9
11/17/1981,15.8,9.4
11/18/1981,19.9,11.9
11/19/1981,20.4,11.7
11/20/1981,23.3,13.4
11/21/1981,20.2,12.6
11/22/1981,28.8,10.1
11/23/1981,31.2,15.8
11/24/1981,17.4,13.6
11/25/1981,18.5,11.9
11/26/1981,26.8,9.9
11/27/1981,34.3,12.6
11/28/1981,30.1,17.8
11/29/1981,20.5,15
11/30/1981,20.5,13.6
12/1/1981,19.8,13.4
12/2/1981,27,10.5
12/3/1981,21,14.2
12/4/1981,33,11.5
12/5/1981,22.6,13
12/6/1981,28.3,15
12/7/1981,21.1,14.7
12/8/1981,19,12.6
12/9/1981,17.3,12.5
12/10/1981,27,13.5
12/11/1981,30.2,14.8
12/12/1981,24.8,17.2
12/13/1981,17.9,9.7
12/14/1981,17.9,12.1
12/15/1981,20.7,12.8
12/16/1981,30.9,11.2
12/17/1981,36.2,16.4
12/18/1981,21,15.6
12/19/1981,20.2,13.3
12/20/1981,21.3,11
12/21/1981,24.2,11.1
12/22/1981,21,15
12/23/1981,20.7,12.8
12/24/1981,17.8,15
12/25/1981,19.6,14.2
12/26/1981,22.6,14
12/27/1981,20.5,15.5
12/28/1981,24.1,13.3
12/29/1981,22.2,15.6
12/30/1981,27,15.2
12/31/1981,33.6,17.4
1/1/1982,26.6,17
1/2/1982,20.6,15
1/3/1982,24.5,13.5
1/4/1982,19.8,15.2
1/5/1982,22.6,13
1/6/1982,29.2,12.5
1/7/1982,20.3,14.1
1/8/1982,23,14.8
1/9/1982,24.4,16.2
1/10/1982,38,15.8
1/11/1982,40.5,19.1
1/12/1982,24.2,22.2
1/13/1982,20.2,15.9
1/14/1982,21.8,13
1/15/1982,27,14.1
1/16/1982,35.2,15.8
1/17/1982,25.2,24
1/18/1982,32.7,18
1/19/1982,35.9,19.7
1/20/1982,38.9,25.2
1/21/1982,26.5,20.5
1/22/1982,21.8,19.3
1/23/1982,37.9,15.8
1/24/1982,43.3,17
1/25/1982,19,18.4
1/26/1982,19.7,13.3
1/27/1982,21.4,14.6
1/28/1982,32,12.5
1/29/1982,33.3,17
1/30/1982,22.2,17.1
1/31/1982,21.3,14
2/1/1982,20.8,14.6
2/2/1982,22.3,13.3
2/3/1982,22.5,14.8
2/4/1982,21.4,15.1
2/5/1982,23,13.1
2/6/1982,35.1,13.6
2/7/1982,40.3,19.5
2/8/1982,39,22.7
2/9/1982,21.1,17.2
2/10/1982,25.4,13.5
2/11/1982,23.6,15.4
2/12/1982,28.1,17
2/13/1982,37,19.2
2/14/1982,39.3,22.8
2/15/1982,39.4,26.3
2/16/1982,25.8,18.2
2/17/1982,27.7,17
2/18/1982,23,14.8
2/19/1982,24,12.8
2/20/1982,26.1,15.5
2/21/1982,21.8,15.6
2/22/1982,24.2,13.1
2/23/1982,22.3,15.2
2/24/1982,19.7,14.1
2/25/1982,20.8,12.5
2/26/1982,17.9,14.6
2/27/1982,20.1,10.4
2/28/1982,20.9,13.9
3/1/1982,21.2,11.9
3/2/1982,300,13.5
3/3/1982,29,9.8
3/4/1982,34.7,14
3/5/1982,34,21.5
3/6/1982,30.9,19.5
3/7/1982,29.6,16.7
3/8/1982,26.1,19.1
3/9/1982,18.5,11
3/10/1982,21.2,9
3/11/1982,22.4,10
3/12/1982,21.4,14.6
3/13/1982,30.5,12.5
3/14/1982,32,17.2
3/15/1982,32.7,19.2
3/16/1982,27.4,22.2
3/17/1982,18.9,15.7
3/18/1982,19.4,14.2
3/19/1982,22.2,9.8
3/20/1982,30.2,14
3/21/1982,31.8,17.5
3/22/1982,31.4,20.7
3/23/1982,18.5,15.6
3/24/1982,22.2,13.2
3/25/1982,27.5,14.5
3/26/1982,25.8,16.8
3/27/1982,25.2,17.2
3/28/1982,19.1,13.4
3/29/1982,19.6,14.2
3/30/1982,21.4,14.3
3/31/1982,20.7,10.2
4/1/1982,28.3,10.4
4/2/1982,23,12.3
4/3/1982,16.5,11.9
4/4/1982,18.8,11.2
4/5/1982,20,8.5
4/6/1982,20.6,12
4/7/1982,19.8,12.4
4/8/1982,20.3,12.9
4/9/1982,26.6,10.1
4/10/1982,21.5,15
4/11/1982,22.3,13.6
4/12/1982,26.5,12.4
4/13/1982,27.1,13.6
4/14/1982,30,16.1
4/15/1982,28.2,19.5
4/16/1982,17.3,14.2
4/17/1982,16.8,9.3
4/18/1982,17.5,10.1
4/19/1982,19.2,7.4
4/20/1982,20.3,8.6
4/21/1982,20.6,7.8
4/22/1982,23.7,9.1
4/23/1982,24.3,13
4/24/1982,26.4,16.5
4/25/1982,16,12.9
4/26/1982,14.5,6.9
4/27/1982,14.2,6.9
4/28/1982,16.5,8.7
4/29/1982,15.7,10
4/30/1982,16,10.8
5/1/1982,16.7,7.5
5/2/1982,19.8,6.3
5/3/1982,22.5,11.9
5/4/1982,22.9,13.8
5/5/1982,18.8,11.8
5/6/1982,15.7,11
5/7/1982,14.7,10.1
5/8/1982,15.3,8.5
5/9/1982,15.3,5.5
5/10/1982,18,7.6
5/11/1982,15.1,8.7
5/12/1982,15.1,10.8
5/13/1982,13.6,11.2
5/14/1982,15.3,9.1
5/15/1982,18,3.7
5/16/1982,18.6,4.6
5/17/1982,22,6.6
5/18/1982,22.1,13.2
5/19/1982,17.8,15.2
5/20/1982,15.2,7.6
5/21/1982,11.3,8.4
5/22/1982,13.5,6
5/23/1982,16.1,8.3
5/24/1982,16,8.6
5/25/1982,16.5,11.1
5/26/1982,16.7,12.1
5/27/1982,19.6,12.9
5/28/1982,19.5,14
5/29/1982,300,12.5
5/30/1982,18.4,11.5
5/31/1982,12.9,7
6/1/1982,14.9,7.1
6/2/1982,12.4,9
6/3/1982,11.9,3.1
6/4/1982,11.7,2.5
6/5/1982,12.9,0
6/6/1982,12.9,1.6
6/7/1982,12.4,2.6
6/8/1982,12.5,5.7
6/9/1982,15.7,2.3
6/10/1982,15.9,4.5
6/11/1982,14.3,8.2
6/12/1982,16.9,6.9
6/13/1982,14,7.3
6/14/1982,13.6,6
6/15/1982,13.7,7.3
6/16/1982,16,7.6
6/17/1982,13.1,8
6/18/1982,13.8,8
6/19/1982,13.4,6.8
6/20/1982,11.3,7.3
6/21/1982,10.6,6.2
6/22/1982,13.9,6.9
6/23/1982,12.7,8.9
6/24/1982,12.5,4
6/25/1982,11.3,1.3
6/26/1982,11.6,0.8
6/27/1982,14,4.3
6/28/1982,13.7,7.3
6/29/1982,15.2,7.7
6/30/1982,14,9
7/1/1982,11.4,4.2
7/2/1982,14.2,1.6
7/3/1982,15.2,2.6
7/4/1982,12.6,3.4
7/5/1982,10.2,3.9
7/6/1982,13.9,7
7/7/1982,13.7,7.8
7/8/1982,13.6,5.3
7/9/1982,13.2,2.4
7/10/1982,15.4,2.8
7/11/1982,12.9,4
7/12/1982,11.9,7.5
7/13/1982,13.3,7.8
7/14/1982,13.3,5.6
7/15/1982,10.5,3.3
7/16/1982,10,5
7/17/1982,11,3.7
7/18/1982,8.3,3.9
7/19/1982,10.7,5.2
7/20/1982,11.2,0.2
7/21/1982,11.7,0.8
7/22/1982,14.2,0.9
7/23/1982,14.5,3.5
7/24/1982,16,6.6
7/25/1982,16.7,9.5
7/26/1982,14.4,9
7/27/1982,17,3.5
7/28/1982,14.6,4.5
7/29/1982,11.6,5.7
7/30/1982,12.8,5.6
7/31/1982,14,7.1
8/1/1982,17.1,9.7
8/2/1982,15.4,8.3
8/3/1982,15.5,9.1
8/4/1982,15.1,2.8
8/5/1982,16.9,2.2
8/6/1982,14.2,4.5
8/7/1982,15.9,3.8
8/8/1982,18.2,3.8
8/9/1982,19.5,6.2
8/10/1982,19.5,11.5
8/11/1982,19.8,10.2
8/12/1982,15.6,7.9
8/13/1982,14.1,9
8/14/1982,17,9.5
8/15/1982,14.3,6
8/16/1982,13.1,8.2
8/17/1982,13.7,9.2
8/18/1982,18.2,4.3
8/19/1982,19.8,6.6
8/20/1982,22.3,9.4
8/21/1982,17.8,13.2
8/22/1982,15,6.6
8/23/1982,22.6,5.1
8/24/1982,23.7,12.1
8/25/1982,15.8,11.2
8/26/1982,15,8.5
8/27/1982,23.5,4.6
8/28/1982,25.7,7
8/29/1982,26.5,14.2
8/30/1982,15.1,12.7
8/31/1982,13.9,7.6
9/1/1982,20.5,4
9/2/1982,21.4,10
9/3/1982,14.9,10.5
9/4/1982,15,5
9/5/1982,18.9,4.5
9/6/1982,11.7,8.2
9/7/1982,15.5,4.3
9/8/1982,17.7,9.8
9/9/1982,11,5.8
9/10/1982,14.9,5
9/11/1982,13.1,8.5
9/12/1982,13.7,9
9/13/1982,15.4,3.6
9/14/1982,15.6,6.7
9/15/1982,23.9,6.7
9/16/1982,23.7,10.1
9/17/1982,24.3,15
9/18/1982,15.9,8.9
9/19/1982,13.5,5.7
9/20/1982,15.3,4.2
9/21/1982,19.3,4
9/22/1982,20.5,5.3
9/23/1982,22.5,6.3
9/24/1982,23.2,8.5
9/25/1982,16.3,11.5
9/26/1982,14.8,7.7
9/27/1982,13.7,9.2
9/28/1982,18.4,7.8
9/29/1982,12.3,6.3
9/30/1982,13.3,6.3
10/1/1982,16.2,8.6
10/2/1982,25.6,6.1
10/3/1982,24.1,13.2
10/4/1982,13.8,9.9
10/5/1982,15.9,4.7
10/6/1982,21.2,5.8
10/7/1982,21.7,14.9
10/8/1982,15.6,10.7
10/9/1982,13.5,8.6
10/10/1982,15,9.4
10/11/1982,21.2,5.7
10/12/1982,25.4,10.9
10/13/1982,19,13.1
10/14/1982,15,10.4
10/15/1982,16.4,8.2
10/16/1982,15.6,9.8
10/17/1982,13.7,7.5
10/18/1982,22,5.8
10/19/1982,17.4,9.8
10/20/1982,15.1,7.9
10/21/1982,14.6,8.7
10/22/1982,16.9,10
10/23/1982,15.9,10.6
10/24/1982,21.3,8
10/25/1982,29.7,10.2
10/26/1982,33,15.1
10/27/1982,22.7,13.9
10/28/1982,21.6,9.2
10/29/1982,30.3,9
10/30/1982,19,13.2
10/31/1982,14.6,7
11/1/1982,15.9,10.6
11/2/1982,20.4,6.9
11/3/1982,29.3,9.5
11/4/1982,33.7,12.5
11/5/1982,35.2,13.6
11/6/1982,38.1,17.7
11/7/1982,24.5,16
11/8/1982,26.3,11.3
11/9/1982,25,10.5
11/10/1982,17.9,14.4
11/11/1982,18.1,10.3
11/12/1982,23.3,9
11/13/1982,31.2,11.1
11/14/1982,32.8,14.5
11/15/1982,28,18
11/16/1982,19.7,12.8
11/17/1982,22.1,10.7
11/18/1982,16.3,9.1
11/19/1982,20.1,8.7
11/20/1982,21.7,12.4
11/21/1982,19.6,12.6
11/22/1982,30.8,10.3
11/23/1982,36.8,13.7
11/24/1982,38.1,16
11/25/1982,17.6,15.8
11/26/1982,21.2,12.1
11/27/1982,17.2,12.5
11/28/1982,20.7,12.2
11/29/1982,26.1,13.7
11/30/1982,34.5,16.1
12/1/1982,18.6,15.5
12/2/1982,20.1,10.3
12/3/1982,22.4,10.5
12/4/1982,19.1,11
12/5/1982,19.2,11.9
12/6/1982,28,13
12/7/1982,17.9,12.2
12/8/1982,18.1,10.6
12/9/1982,16,13
12/10/1982,18.5,13
12/11/1982,20.6,12.2
12/12/1982,33,12.6
12/13/1982,35.2,18.7
12/14/1982,24,15.2
12/15/1982,26,15.3
12/16/1982,28,13.9
12/17/1982,23,15.8
12/18/1982,19,13
12/19/1982,19.1,13
12/20/1982,18,13.7
12/21/1982,19.4,12
12/22/1982,32.5,10.8
12/23/1982,32.6,15.6
12/24/1982,18.1,15.3
12/25/1982,19.7,13.9
12/26/1982,28,13
12/27/1982,28,15.3
12/28/1982,23.8,16.3
12/29/1982,31.4,15.8
12/30/1982,22,17.7
12/31/1982,35.8,16.3
1/1/1983,23,18.4
1/2/1983,18.9,15
1/3/1983,25.4,10.9
1/4/1983,28,11.4
1/5/1983,19.2,14.8
1/6/1983,21.5,12.1
1/7/1983,28.8,12.8
1/8/1983,37.3,16.2
1/9/1983,24.6,15.5
1/10/1983,21.3,13
1/11/1983,17.9,10.5
1/12/1983,17.5,9.1
1/13/1983,18.7,10.5
1/14/1983,18.1,11.8
1/15/1983,19.7,12.7
1/16/1983,22.1,12.7
1/17/1983,19.6,11.5
1/18/1983,18,13.8
1/19/1983,19.9,13.3
1/20/1983,28.5,11.6
1/21/1983,23,15.4
1/22/1983,37,12.4
1/23/1983,19,16.9
1/24/1983,19.4,14.7
1/25/1983,35,10.6
1/26/1983,27.7,15.6
1/27/1983,23.9,10.7
1/28/1983,25.6,12.6
1/29/1983,27.7,13.8
1/30/1983,24.3,14.3
1/31/1983,38.6,14
2/1/1983,41.2,18.1
2/2/1983,22,17.3
2/3/1983,22.5,13
2/4/1983,22.3,16
2/5/1983,25.5,14.9
2/6/1983,36.6,16.2
2/7/1983,35.7,20.3
2/8/1983,43.2,22.5
2/9/1983,28,17.2
2/10/1983,25.5,15.9
2/11/1983,21.6,16.8
2/12/1983,21.8,13.8
2/13/1983,23.3,12.8
2/14/1983,34.3,14
2/15/1983,31.2,17.5
2/16/1983,43,21.5
2/17/1983,20.2,16.8
2/18/1983,20.3,13.6
2/19/1983,22.2,14.5
2/20/1983,24,14.2
2/21/1983,34.4,15.7
2/22/1983,32.9,19.7
2/23/1983,21.6,17.4
2/24/1983,26.5,14.4
2/25/1983,33.2,16.9
2/26/1983,38.6,19.1
2/27/1983,24.4,20.4
2/28/1983,28.3,20.1
3/1/1983,35.2,19.9
3/2/1983,28.7,22
3/3/1983,35.6,20.5
3/4/1983,37.2,22.1
3/5/1983,25.5,20.6
3/6/1983,31.5,15
3/7/1983,30.2,20.6
3/8/1983,29,21.5
3/9/1983,21.4,16.2
3/10/1983,28.5,14.1
3/11/1983,32.1,14.5
3/12/1983,23.5,21.1
3/13/1983,20,15.9
3/14/1983,21,15.2
3/15/1983,20,13.1
3/16/1983,21.8,13.2
3/17/1983,24.3,12.5
3/18/1983,30.9,15.2
3/19/1983,21.6,17.6
3/20/1983,22.2,15.5
3/21/1983,20.2,16.7
3/22/1983,20.5,16.3
3/23/1983,17.6,15.1
3/24/1983,18.6,12.7
3/25/1983,17.7,10
3/26/1983,18,11.4
3/27/1983,18.6,12.6
3/28/1983,18.6,10.7
3/29/1983,25.9,10
3/30/1983,19.8,13.9
3/31/1983,18.7,13.4
4/1/1983,17.9,12.5
4/2/1983,17.3,12.8
4/3/1983,18.1,7.8
4/4/1983,14.6,11.1
4/5/1983,14.1,10.7
4/6/1983,15.7,7.1
4/7/1983,16,6.7
4/8/1983,21.6,5.7
4/9/1983,21.4,9.1
4/10/1983,23.8,15.2
4/11/1983,21.7,15.5
4/12/1983,16.6,11.1
4/13/1983,16.7,11.7
4/14/1983,18.1,11.5
4/15/1983,14.5,9.8
4/16/1983,14.7,6.2
4/17/1983,16.4,6.7
4/18/1983,16.5,7.5
4/19/1983,22.7,8.8
4/20/1983,23.8,8
4/21/1983,24.6,10.4
4/22/1983,23.6,14.5
4/23/1983,19.8,16.5
4/24/1983,19.8,14.1
4/25/1983,18,10.5
4/26/1983,17.6,12.6
4/27/1983,19,13
4/28/1983,17.5,8.7
4/29/1983,17,10.1
4/30/1983,19.9,12
5/1/1983,18.5,12.5
5/2/1983,18.7,13.5
5/3/1983,17.8,13.7
5/4/1983,17,13.5
5/5/1983,17.6,10.7
5/6/1983,18.7,13
5/7/1983,17,11.6
5/8/1983,18.8,13
5/9/1983,17.5,11.2
5/10/1983,19.5,13.5
5/11/1983,16.6,12.9
5/12/1983,19.1,6.8
5/13/1983,21.2,10
5/14/1983,20.2,14.5
5/15/1983,17.9,11.7
5/16/1983,14.3,6.7
5/17/1983,16,4.6
5/18/1983,17.7,4.9
5/19/1983,18.6,7.4
5/20/1983,19.1,8.3
5/21/1983,13.7,7.5
5/22/1983,17.5,6.2
5/23/1983,16.1,7.8
5/24/1983,15.2,13.2
5/25/1983,17.3,11.9
5/26/1983,14.9,6.5
5/27/1983,18.4,8.3
5/28/1983,17.2,12.1
5/29/1983,12.2,9.3
5/30/1983,13.9,7.5
5/31/1983,14,9.3
6/1/1983,15.3,11
6/2/1983,15,10.8
6/3/1983,15.1,5.3
6/4/1983,16.6,7.6
6/5/1983,16.5,5.6
6/6/1983,16.1,7.2
6/7/1983,13.5,9.6
6/8/1983,13,7
6/9/1983,13.6,8.3
6/10/1983,11.8,7.8
6/11/1983,14.5,4.7
6/12/1983,14,6.8
6/13/1983,14.1,7.2
6/14/1983,13.5,8.3
6/15/1983,12.1,9.5
6/16/1983,11.9,4.7
6/17/1983,11.9,3
6/18/1983,14.2,1.5
6/19/1983,14,2.5
6/20/1983,17.9,6.2
6/21/1983,19.1,11.6
6/22/1983,15.1,6.6
6/23/1983,13.8,6.6
6/24/1983,13.7,8
6/25/1983,10,7.9
6/26/1983,10.3,3.3
6/27/1983,10.4,3.9
6/28/1983,12,6
6/29/1983,8.5,4
6/30/1983,14.4,5.5
7/1/1983,13.1,8.5
7/2/1983,14,9.8
7/3/1983,11.8,9.5
7/4/1983,13.9,7.2
7/5/1983,12.9,8.1
7/6/1983,11,8
7/7/1983,11.8,8.5
7/8/1983,10.7,8.8
7/9/1983,11.2,8.3
7/10/1983,10.3,2.4
7/11/1983,12.2,4.9
7/12/1983,12.4,5.9
7/13/1983,14.7,6.7
7/14/1983,15.1,8.4
7/15/1983,15,6.5
7/16/1983,14,7.9
7/17/1983,15.2,4.1
7/18/1983,14.2,5.4
7/19/1983,8.7,7.5
7/20/1983,11,3.9
7/21/1983,14.2,2.5
7/22/1983,15.2,5.3
7/23/1983,12.2,6.6
7/24/1983,13,0
7/25/1983,14.7,0.7
7/26/1983,17.2,7.6
7/27/1983,13.7,12.3
7/28/1983,14.8,9.2
7/29/1983,13.8,9.6
7/30/1983,13.7,9.5
7/31/1983,13.1,10
8/1/1983,12.7,7.7
8/2/1983,12.3,8
8/3/1983,12.4,8.3
8/4/1983,13,8.3
8/5/1983,13.5,4.5
8/6/1983,13.5,6.5
8/7/1983,14.7,9.4
8/8/1983,13.4,9.4
8/9/1983,15.9,10.5
8/10/1983,16,10.7
8/11/1983,15.3,9.9
8/12/1983,15.5,7.6
8/13/1983,18.2,5.8
8/14/1983,18.6,8.5
8/15/1983,18.5,13.8
8/16/1983,19.2,14.3
8/17/1983,14.2,8.3
8/18/1983,12.8,5.3
8/19/1983,13.1,3
8/20/1983,15.4,5.2
8/21/1983,17.3,10.3
8/22/1983,14.5,11.1
8/23/1983,19.5,10.5
8/24/1983,20.2,9
8/25/1983,16.3,13
8/26/1983,13,6.4
8/27/1983,13.3,8.4
8/28/1983,13.3,6.7
8/29/1983,19,8.3
8/30/1983,16.8,11.2
8/31/1983,19.2,10
9/1/1983,18.5,10.1
9/2/1983,19,10.6
9/3/1983,17.4,10.9
9/4/1983,15.3,5.7
9/5/1983,15.8,9.5
9/6/1983,18.7,10.4
9/7/1983,17.8,11.1
9/8/1983,16.5,12.2
9/9/1983,15.3,10.6
9/10/1983,13.2,8.8
9/11/1983,12,9.2
9/12/1983,14,5.5
9/13/1983,9.5,7.1
9/14/1983,13,6.5
9/15/1983,17.6,4.3
9/16/1983,19.6,5
9/17/1983,17.2,11.2
9/18/1983,17.3,7.5
9/19/1983,17,12
9/20/1983,16.3,13.6
9/21/1983,17.3,8.3
9/22/1983,20.3,8.5
9/23/1983,16.9,12.9
9/24/1983,13.5,7.7
9/25/1983,13.3,7.6
9/26/1983,20.7,3.5
9/27/1983,19.8,10.4
9/28/1983,20.8,15.4
9/29/1983,19.8,10.6
9/30/1983,19.5,9.6
10/1/1983,23.4,9.3
10/2/1983,14.2,13.9
10/3/1983,14.2,7.7
10/4/1983,16.6,9.5
10/5/1983,17,7.6
10/6/1983,15.6,6.9
10/7/1983,14.8,6.8
10/8/1983,17.2,5.8
10/9/1983,20.2,6
10/10/1983,16.7,8.3
10/11/1983,18.2,9.1
10/12/1983,18.1,12.5
10/13/1983,22.5,13.2
10/14/1983,23.4,16.2
10/15/1983,15.3,12.5
10/16/1983,13.7,11.8
10/17/1983,15.6,10.6
10/18/1983,18.9,10
10/19/1983,15.1,12.2
10/20/1983,16.6,8.9
10/21/1983,17.7,10.3
10/22/1983,23,7.5
10/23/1983,16.8,11.6
10/24/1983,21.3,12.6
10/25/1983,17.9,12.9
10/26/1983,23.6,11.7
10/27/1983,25.3,14
10/28/1983,14.5,12.3
10/29/1983,16.9,9
10/30/1983,16.3,9.2
10/31/1983,17.7,9.8
11/1/1983,18,11.8
11/2/1983,21.7,10.6
11/3/1983,22.3,12.6
11/4/1983,15.5,11
11/5/1983,16.7,8.2
11/6/1983,24.3,7.5
11/7/1983,23.5,13.6
11/8/1983,27.7,14.8
11/9/1983,18,10.9
11/10/1983,15.6,7.7
11/11/1983,19,10.2
11/12/1983,19.5,10.8
11/13/1983,20.1,10.8
11/14/1983,31.3,12.5
11/15/1983,15.6,13.2
11/16/1983,12.8,8.7
11/17/1983,13.8,5.7
11/18/1983,15.8,9.8
11/19/1983,16.4,7.3
11/20/1983,17.6,10.8
11/21/1983,28.2,10
11/22/1983,25.5,16.2
11/23/1983,22.7,15
11/24/1983,28,14.5
11/25/1983,17,15.9
11/26/1983,22.6,14.9
11/27/1983,24.5,14.2
11/28/1983,25.6,15.8
11/29/1983,27.5,17.2
11/30/1983,18.5,17.6
12/1/1983,18.2,12.1
12/2/1983,18.8,11.4
12/3/1983,17.8,13
12/4/1983,18.9,13.2
12/5/1983,24,12
12/6/1983,20.9,15.3
12/7/1983,16.8,12.7
12/8/1983,18.5,12.1
12/9/1983,20.6,13.8
12/10/1983,24.9,10.9
12/11/1983,28.1,12
12/12/1983,25.7,16.5
12/13/1983,19.2,15
12/14/1983,32.7,11.2
12/15/1983,21.3,13.9
12/16/1983,20.4,15
12/17/1983,20.5,14.8
12/18/1983,22.8,15
12/19/1983,35.3,13.3
12/20/1983,38.7,20.4
12/21/1983,21.4,18
12/22/1983,23.3,12.2
12/23/1983,22,16.7
12/24/1983,31.7,13.8
12/25/1983,23.4,17.5
12/26/1983,19.1,15
12/27/1983,19.5,13.9
12/28/1983,30,11.1
12/29/1983,32.4,16.1
12/30/1983,33.6,20.4
12/31/1983,30,18
1/1/1984,27.7,19.5
1/2/1984,28.1,17.1
1/3/1984,23.7,17.1
1/4/1984,20.6,12
1/5/1984,32.3,11
1/6/1984,31.2,16.3
1/7/1984,21.5,16.1
1/8/1984,23,13
1/9/1984,21.9,13.4
1/10/1984,23,15.2
1/11/1984,21.6,12.5
1/12/1984,27.2,14.3
1/13/1984,29.2,16.5
1/14/1984,32,18.6
1/15/1984,22.5,18
1/16/1984,23.9,18.2
1/17/1984,19.7,11.4
1/18/1984,19.5,11.9
1/19/1984,22,12.2
1/20/1984,22.1,14.8
1/21/1984,19.7,13.1
1/22/1984,19.4,12.7
1/23/1984,30.5,10.5
1/24/1984,28.5,13.8
1/25/1984,20.2,18.8
1/26/1984,19,13.9
1/27/1984,20.2,11.2
1/28/1984,22.6,10.6
1/29/1984,28.4,14.7
1/30/1984,18.6,13.1
1/31/1984,20.3,12.1
2/1/1984,19,14.7
2/2/1984,26.2,11.1
2/3/1984,30,13
2/4/1984,24.2,15.6
2/5/1984,23.4,14.2
2/6/1984,34.7,15.5
2/7/1984,20.4,18
2/8/1984,20.7,15
2/9/1984,20,15.9
2/10/1984,19.5,15.5
2/11/1984,31.6,15.8
2/12/1984,33.7,16.6
2/13/1984,23.5,13.6
2/14/1984,24.6,13.8
2/15/1984,33.9,14.6
2/16/1984,22.4,15.6
2/17/1984,24.3,16.6
2/18/1984,29.5,14.3
2/19/1984,31.7,16.3
2/20/1984,32.9,18.9
2/21/1984,20.5,18.7
2/22/1984,28.5,14.5
2/23/1984,27.3,16.5
2/24/1984,19.5,14.1
2/25/1984,21.4,13.5
2/26/1984,33.2,11.7
2/27/1984,35,15.1
2/28/1984,18.1,11.2
2/29/1984,17.2,13.5
3/1/1984,18.1,12.6
3/2/1984,19.5,8.8
3/3/1984,21.5,10.5
3/4/1984,29.2,12.1
3/5/1984,33.8,14.5
3/6/1984,20.8,19.5
3/7/1984,17.5,14
3/8/1984,21,13.8
3/9/1984,27.4,10.5
3/10/1984,21.2,13.8
3/11/1984,27.1,11.4
3/12/1984,22.8,15.6
3/13/1984,18.7,11.1
3/14/1984,19,12.1
3/15/1984,19.7,14.2
3/16/1984,28.7,10.9
3/17/1984,25.5,14.2
3/18/1984,18.4,13.8
3/19/1984,18.5,15.1
3/20/1984,23.6,14
3/21/1984,26.9,12.1
3/22/1984,28,13.8
3/23/1984,24.7,16.6
3/24/1984,21.5,17.8
3/25/1984,17.5,9.4
3/26/1984,16.1,10.2
3/27/1984,18.7,7.4
3/28/1984,24.5,8.7
3/29/1984,27.6,14
3/30/1984,17.4,15.3
3/31/1984,18.2,11.1
4/1/1984,19.7,9.7
4/2/1984,18.5,10.3
4/3/1984,17.7,9.2
4/4/1984,20.7,8.2
4/5/1984,21.2,9.7
4/6/1984,17.2,12.4
4/7/1984,21.5,12.5
4/8/1984,22,9
4/9/1984,23.2,9.7
4/10/1984,25.4,10.1
4/11/1984,24.6,11.2
4/12/1984,24.8,12
4/13/1984,25,11.1
4/14/1984,25,10.8
4/15/1984,18.2,12.8
4/16/1984,21.5,9.8
4/17/1984,16.2,13.7
4/18/1984,17.3,11
4/19/1984,15.5,13.2
4/20/1984,16.4,13
4/21/1984,19.6,10.2
4/22/1984,18.5,13.2
4/23/1984,16.5,9.3
4/24/1984,16,11.1
4/25/1984,17.7,10.3
4/26/1984,19.2,8.7
4/27/1984,16.8,11.7
4/28/1984,16.5,12.5
4/29/1984,22.5,6.5
4/30/1984,22.7,9.6
5/1/1984,23.5,13.8
5/2/1984,19,14.7
5/3/1984,15.5,9.1
5/4/1984,13.5,4.8
5/5/1984,14,3.3
5/6/1984,14.7,3.5
5/7/1984,15.6,5.7
5/8/1984,17,5.5
5/9/1984,18,7
5/10/1984,19.6,9.5
5/11/1984,17.1,9.9
5/12/1984,16.7,4.9
5/13/1984,16.9,6.3
5/14/1984,18.2,4.8
5/15/1984,19.4,6.2
5/16/1984,22,7.1
5/17/1984,21.7,7.5
5/18/1984,22,9.4
5/19/1984,22.2,8.7
5/20/1984,20,9.5
5/21/1984,16.5,12.1
5/22/1984,15.6,9.5
5/23/1984,15,9.3
5/24/1984,16.6,8.5
5/25/1984,18.7,8
5/26/1984,18.7,9.8
5/27/1984,18.1,6.2
5/28/1984,15.6,7.3
5/29/1984,20.1,10.9
5/30/1984,20.3,10
5/31/1984,15.2,8.7
6/1/1984,17.1,9
6/2/1984,16.3,10.8
6/3/1984,18.3,12.4
6/4/1984,18.3,7.2
6/5/1984,19,7.2
6/6/1984,20,11.1
6/7/1984,15.7,9.3
6/8/1984,14.9,10.1
6/9/1984,13.1,3.9
6/10/1984,13.6,5
6/11/1984,13.8,8.2
6/12/1984,15,2.8
6/13/1984,16.9,4.3
6/14/1984,18.3,8.1
6/15/1984,16.4,11.1
6/16/1984,14,4.7
6/17/1984,12.5,5.3
6/18/1984,12.8,10
6/19/1984,12.2,5.6
6/20/1984,14.2,2.2
6/21/1984,14.2,7.1
6/22/1984,15.5,8.3
6/23/1984,15.1,8.6
6/24/1984,14.4,10.1
6/25/1984,12.9,8.3
6/26/1984,10.8,7.2
6/27/1984,11.7,7.7
6/28/1984,13.3,7.8
6/29/1984,12.4,9.1
6/30/1984,13.4,9.4
7/1/1984,10.6,7.8
7/2/1984,7,2.6
7/3/1984,12.6,2.4
7/4/1984,13.2,3.9
7/5/1984,12.1,1.3
7/6/1984,10.3,2.1
7/7/1984,15.7,7.4
7/8/1984,11.7,7.2
7/9/1984,15.1,8.8
7/10/1984,15.8,8.9
7/11/1984,15,8.8
7/12/1984,11.6,8
7/13/1984,11.4,0.7
7/14/1984,10,0.1
7/15/1984,14.7,0.9
7/16/1984,13.6,7.8
7/17/1984,13.2,7.2
7/18/1984,11,8
7/19/1984,13,4.6
7/20/1984,12,5.2
7/21/1984,10.6,5.8
7/22/1984,13.3,6.8
7/23/1984,14.5,8.1
7/24/1984,13.5,7.5
7/25/1984,15.9,5.4
7/26/1984,12.8,4.6
7/27/1984,11.7,6.4
7/28/1984,13,9.7
7/29/1984,14,7
7/30/1984,16,10
7/31/1984,17,10.6
8/1/1984,16.3,11.5
8/2/1984,17.6,10.2
8/3/1984,19.5,11.1
8/4/1984,14,11
8/5/1984,17.5,8.9
8/6/1984,19.2,9.9
8/7/1984,18.5,11.7
8/8/1984,15.1,11.6
8/9/1984,15.4,9
8/10/1984,13.3,6.3
8/11/1984,13.1,8.7
8/12/1984,12.8,8.5
8/13/1984,12,8.5
8/14/1984,13.3,8
8/15/1984,12.9,6
8/16/1984,15.4,8
8/17/1984,13.4,8.5
8/18/1984,15.1,7.7
8/19/1984,14.7,8.4
8/20/1984,14.9,9
8/21/1984,16.8,8.3
8/22/1984,15.8,6.8
8/23/1984,17,9.3
8/24/1984,14.1,6.7
8/25/1984,16.5,9
8/26/1984,12.4,7.3
8/27/1984,12.7,6.3
8/28/1984,14.6,7.9
8/29/1984,17.6,5.2
8/30/1984,19.6,9
8/31/1984,17.3,11.3
9/1/1984,17.9,9.2
9/2/1984,17.8,11.3
9/3/1984,13,7
9/4/1984,13.2,8
9/5/1984,17.1,4.6
9/6/1984,19.6,8.5
9/7/1984,16.3,9.5
9/8/1984,16.9,9.4
9/9/1984,22.2,10.5
9/10/1984,12,9.7
9/11/1984,14.2,4.9
9/12/1984,16.8,8
9/13/1984,16.9,5.8
9/14/1984,22,5.5
9/15/1984,16.4,10.9
9/16/1984,14.2,11.7
9/17/1984,11.8,9.2
9/18/1984,15.2,8.9
9/19/1984,12.6,11.3
9/20/1984,13.2,8.6
9/21/1984,14.4,6.2
9/22/1984,15,6.6
9/23/1984,16.5,9.1
9/24/1984,13.3,6.1
9/25/1984,14.5,7.5
9/26/1984,16.7,10.7
9/27/1984,13.8,6.3
9/28/1984,12.4,5.5
9/29/1984,13.7,6.7
9/30/1984,19.9,4.2
10/1/1984,24,11.3
10/2/1984,18.7,16.3
10/3/1984,18.9,10.5
10/4/1984,20.2,10.3
10/5/1984,19.9,7.9
10/6/1984,24,7.7
10/7/1984,27.3,16
10/8/1984,24.2,14.6
10/9/1984,18,12.5
10/10/1984,21.3,8.1
10/11/1984,26.6,12.2
10/12/1984,18.5,17.2
10/13/1984,18.2,9.4
10/14/1984,21,8.7
10/15/1984,12,5.9
10/16/1984,12.2,4.8
10/17/1984,14.1,7.4
10/18/1984,16.5,9.4
10/19/1984,15.5,9.7
10/20/1984,15,9.9
10/21/1984,20.8,6.5
10/22/1984,27.3,9.8
10/23/1984,28.4,18.2
10/24/1984,18.9,11.3
10/25/1984,18.2,9.1
10/26/1984,25.5,9.6
10/27/1984,15.9,13.5
10/28/1984,15.5,10.7
10/29/1984,21.4,10
10/30/1984,23.2,8.5
10/31/1984,26.8,12.6
11/1/1984,23.9,16.6
11/2/1984,19.1,11.6
11/3/1984,15.2,12.2
11/4/1984,14.9,11.2
11/5/1984,21.3,9.2
11/6/1984,25.4,9.9
11/7/1984,28.7,11.9
11/8/1984,32.3,15.6
11/9/1984,25.7,19
11/10/1984,19,12.8
11/11/1984,19.4,12.2
11/12/1984,15,12
11/13/1984,16.5,11.1
11/14/1984,16.3,11.8
11/15/1984,28.9,7.6
11/16/1984,27.4,13
11/17/1984,32.9,12.7
11/18/1984,27,16
11/19/1984,23.7,14.8
11/20/1984,22.8,14.2
11/21/1984,16.5,10
11/22/1984,14,8.8
11/23/1984,18,11.6
11/24/1984,28.2,8.6
11/25/1984,32.8,14.6
11/26/1984,28,24.3
11/27/1984,22.2,11.6
11/28/1984,21.8,10.8
11/29/1984,18.7,12
11/30/1984,25.5,11
12/1/1984,27.6,12.6
12/2/1984,16.5,10.8
12/3/1984,15.9,9.1
12/4/1984,16.8,11
12/5/1984,17.9,13
12/6/1984,23.1,12.8
12/7/1984,22.8,9.9
12/8/1984,24.2,11.6
12/9/1984,27.7,10.5
12/10/1984,21.3,15.9
12/11/1984,23.5,12.2
12/12/1984,17.9,13
12/13/1984,24.2,12.5
12/14/1984,20,12.5
12/15/1984,23.7,11.4
12/16/1984,27,12.1
12/17/1984,24.6,16.8
12/18/1984,25,12.1
12/19/1984,20,11.3
12/20/1984,22.7,10.4
12/21/1984,22.6,14.2
12/22/1984,29.2,11.4
12/23/1984,27.8,13.7
12/24/1984,26.5,16.5
12/25/1984,18.9,12.8
12/26/1984,23.2,12.2
12/27/1984,24.2,12
12/28/1984,28.1,12.6
12/29/1984,30.3,16
12/30/1984,25.6,16.4
1/1/1985,20.7,13.3
1/2/1985,19.6,15.2
1/3/1985,21.7,13.1
1/4/1985,28,12.7
1/5/1985,21.3,14.6
1/6/1985,21.4,11
1/7/1985,21.4,13.2
1/8/1985,22.6,12.2
1/9/1985,21.7,14.4
1/10/1985,21.8,13.7
1/11/1985,19.8,14.5
1/12/1985,30.4,14.1
1/13/1985,36,14.4
1/14/1985,42.2,19.7
1/15/1985,21.1,16.5
1/16/1985,20,15.9
1/17/1985,18.4,11.8
1/18/1985,19.1,12
1/19/1985,19.3,11.4
1/20/1985,18.8,14.4
1/21/1985,22.8,12.4
1/22/1985,20,15.1
1/23/1985,21.9,15.6
1/24/1985,20.1,15.2
1/25/1985,23.2,12.8
1/26/1985,34.5,13.3
1/27/1985,22.1,17.5
1/28/1985,21.6,15.4
1/29/1985,30,13.5
1/30/1985,34,16.7
1/31/1985,22.2,15.2
2/1/1985,19.6,14.9
2/2/1985,25.4,10.2
2/3/1985,37.1,13.6
2/4/1985,30.2,19
2/5/1985,29.1,15.7
2/6/1985,21.1,18
2/7/1985,19.1,14.8
2/8/1985,22.2,13.9
2/9/1985,24.4,13
2/10/1985,20.3,15.3
2/11/1985,28,14.3
2/12/1985,32.2,15.6
2/13/1985,23.4,16
2/14/1985,21.4,14.9
2/15/1985,33.5,11.1
2/16/1985,18.6,14.8
2/17/1985,19.2,13
2/18/1985,21.1,12.2
2/19/1985,29.5,10.9
2/20/1985,25.7,14.6
2/21/1985,32.4,16.6
2/22/1985,28.5,18.1
2/23/1985,20.6,13.4
2/24/1985,25.2,10.3
2/25/1985,20.8,13.6
2/26/1985,17.5,13.8
2/27/1985,20.1,10.3
2/28/1985,22.4,11
3/1/1985,24,14.3
3/2/1985,21,15.5
3/3/1985,26.8,14.7
3/4/1985,17.7,12.7
3/5/1985,19.2,10.7
3/6/1985,19.1,12.6
3/7/1985,26.4,9.8
3/8/1985,29.7,13.2
3/9/1985,30.2,15.2
3/10/1985,33,16.6
3/11/1985,33.3,21
3/12/1985,33,22.4
3/13/1985,36.1,17
3/14/1985,34,21.7
3/15/1985,34.7,21.4
3/16/1985,20.4,18.6
3/17/1985,19.4,16.2
3/18/1985,21.3,16.8
3/19/1985,26.8,17
3/20/1985,28.5,18.4
3/21/1985,25.6,17.2
3/22/1985,28.6,18.4
3/23/1985,32.5,18.8
3/24/1985,18.7,16.5
3/25/1985,23.2,13.3
3/26/1985,23.7,12.2
3/27/1985,27.2,11.3
3/28/1985,23.5,13.8
3/29/1985,19,16.6
3/30/1985,22.6,14
3/31/1985,30.1,14.3
4/1/1985,23.3,16.4
4/2/1985,19.7,11.9
4/3/1985,22.3,15.7
4/4/1985,21.6,17.6
4/5/1985,23.5,17.5
4/6/1985,22.6,15.9
4/7/1985,24,16.2
4/8/1985,22.9,16
4/9/1985,22.4,15.9
4/10/1985,28.8,16.2
4/11/1985,30,16.2
4/12/1985,32.4,19.5
4/13/1985,33.8,18.2
4/14/1985,26.8,21.8
4/15/1985,18.6,15.1
4/16/1985,17,11
4/17/1985,15.3,8.1
4/18/1985,15.3,9.5
4/19/1985,16.8,9.3
4/20/1985,16,10.6
4/21/1985,16.6,6.3
4/22/1985,17.2,8.6
4/23/1985,21.5,6.8
4/24/1985,19.7,8.7
4/25/1985,19.8,8.4
4/26/1985,21.2,9.3
4/27/1985,23.7,10
4/28/1985,23.9,10.5
4/29/1985,25.6,12
4/30/1985,24.7,10.1
5/1/1985,20.2,9.4
5/2/1985,23.5,10.1
5/3/1985,22.2,8
5/4/1985,24.5,10.6
5/5/1985,25.5,13.6
5/6/1985,18.8,15.4
5/7/1985,18,9
5/8/1985,14.9,10.4
5/9/1985,18.3,11
5/10/1985,19.2,12.1
5/11/1985,18.9,13.4
5/12/1985,19.2,11.3
5/13/1985,21.5,6.7
5/14/1985,18,9.8
5/15/1985,13.1,10.8
5/16/1985,14.9,7.8
5/17/1985,15.2,4.5
5/18/1985,13.5,7.6
5/19/1985,15.2,6.9
5/20/1985,14.2,7.5
5/21/1985,14.6,8.5
5/22/1985,16,5.5
5/23/1985,15.1,9.5
5/24/1985,15.6,7.3
5/25/1985,17.5,5.4
5/26/1985,18.8,5.5
5/27/1985,20.4,8.1
5/28/1985,20.3,11.2
5/29/1985,19.1,13.4
5/30/1985,14.9,11.6
5/31/1985,14.6,10.1
6/1/1985,13.7,4.3
6/2/1985,13,5.5
6/3/1985,13.4,4.4
6/4/1985,12.7,5.9
6/5/1985,14.2,5.7
6/6/1985,13.7,8.2
6/7/1985,12.7,8.2
6/8/1985,14.1,4.2
6/9/1985,12.8,6.5
6/10/1985,17.1,10
6/11/1985,14,8.8
6/12/1985,14.5,6.6
6/13/1985,15.7,7.8
6/14/1985,14.1,10.1
6/15/1985,13.7,7.1
6/16/1985,13.3,7.7
6/17/1985,13.4,8.5
6/18/1985,11.9,7.3
6/19/1985,13.6,6.9
6/20/1985,13.3,8.4
6/21/1985,12.2,7.1
6/22/1985,10.8,6.3
6/23/1985,13,0.6
6/24/1985,14.1,1.6
6/25/1985,14.4,7
6/26/1985,13.3,8.3
6/27/1985,15.7,8
6/28/1985,15.6,10.2
6/29/1985,19.3,10.6
6/30/1985,16.3,10.4
7/1/1985,19.4,11.6
7/2/1985,17.7,11
7/3/1985,16.9,10.7
7/4/1985,14.4,7.3
7/5/1985,14.3,4.2
7/6/1985,13,4.7
7/7/1985,12.3,5.6
7/8/1985,12.8,7.7
7/9/1985,12.7,7.5
7/10/1985,10.8,4.9
7/11/1985,14.6,5.9
7/12/1985,13.3,7.8
7/13/1985,12.7,5.8
7/14/1985,12.9,7
7/15/1985,15.7,8.4
7/16/1985,11.4,6.2
7/17/1985,12,7.5
7/18/1985,12.2,4.8
7/19/1985,11.8,3.3
7/20/1985,13.1,3.2
7/21/1985,15.5,7
7/22/1985,11.3,8.4
7/23/1985,12,0.3
7/24/1985,12.8,0.3
7/25/1985,11.6,2.1
7/26/1985,12.4,8.5
7/27/1985,12.6,1.4
7/28/1985,17.4,4.1
7/29/1985,13.4,10.3
7/30/1985,11.3,6.6
7/31/1985,12.1,6.1
8/1/1985,12.7,7
8/2/1985,12.5,5.1
8/3/1985,13.2,6.3
8/4/1985,17.1,6.9
8/5/1985,15.9,11.4
8/6/1985,15,10.4
8/7/1985,13.2,10.3
8/8/1985,12.6,9.2
8/9/1985,11.8,7.2
8/10/1985,12,7.5
8/11/1985,14,4
8/12/1985,13.7,5.6
8/13/1985,16.1,6.7
8/14/1985,19.8,8.4
8/15/1985,15.7,11
8/16/1985,13.2,8.4
8/17/1985,13.6,8.8
8/18/1985,13.5,8.6
8/19/1985,11.7,8.3
8/20/1985,11.4,4
8/21/1985,15.4,3.6
8/22/1985,17.4,5.7
8/23/1985,15.3,10.6
8/24/1985,16.7,6.9
8/25/1985,16.5,10
8/26/1985,15.3,9.8
8/27/1985,18.8,7.2
8/28/1985,15.3,10.5
8/29/1985,15.6,3.6
8/30/1985,18.7,5.3
8/31/1985,17.4,8.4
9/1/1985,12.6,10.3
9/2/1985,12.9,7.9
9/3/1985,13.5,8.5
9/4/1985,13.6,7.9
9/5/1985,13.7,8
9/6/1985,15.1,9.8
9/7/1985,14.3,6.7
9/8/1985,21.3,4.8
9/9/1985,21.5,9.9
9/10/1985,23.2,12.8
9/11/1985,15.3,10.9
9/12/1985,19.1,11.7
9/13/1985,15.3,11.7
9/14/1985,14.8,11
9/15/1985,15.6,8.2
9/16/1985,14.6,7.5
9/17/1985,14.7,5.4
9/18/1985,13.7,7.2
9/19/1985,13.6,9.7
9/20/1985,13.5,8.4
9/21/1985,14.6,9
9/22/1985,15.6,8.7
9/23/1985,20.7,6.6
9/24/1985,25.1,11.6
9/25/1985,19.7,13.1
9/26/1985,12.5,6.7
9/27/1985,14.1,6.5
9/28/1985,13.3,7.7
9/29/1985,14.7,8.7
9/30/1985,20.5,7.2
10/1/1985,21.8,10.5
10/2/1985,16.2,8.6
10/3/1985,25.8,7.2
10/4/1985,26.6,11.4
10/5/1985,19.4,16.2
10/6/1985,21.1,6.1
10/7/1985,20.2,9.6
10/8/1985,20.9,11.1
10/9/1985,18.1,13.6
10/10/1985,26.3,10.7
10/11/1985,19.2,14.7
10/12/1985,16.1,11.6
10/13/1985,17.9,7.3
10/14/1985,21.1,8
10/15/1985,25.7,9.6
10/16/1985,23.7,16
10/17/1985,19.7,15.1
10/18/1985,16.8,12.8
10/19/1985,14.3,6.2
10/20/1985,14.2,7.1
10/21/1985,20.5,8.4
10/22/1985,22.2,10
10/23/1985,15.4,12.7
10/24/1985,17.2,10
10/25/1985,18,10.2
10/26/1985,20.5,6.5
10/27/1985,23.8,9.2
10/28/1985,24.1,11.9
10/29/1985,25.8,14.7
10/30/1985,19.4,11.4
10/31/1985,18.3,6.8
11/1/1985,22.3,7.4
11/2/1985,17.4,11.2
11/3/1985,20.2,9.2
11/4/1985,27.5,12.6
11/5/1985,23.9,16
11/6/1985,22.8,17.1
11/7/1985,22.7,15.3
11/8/1985,21.5,13.3
11/9/1985,21.9,15.4
11/10/1985,30.3,13.2
11/11/1985,17.7,14.4
11/12/1985,26.8,14
11/13/1985,28.3,15.5
11/14/1985,24.2,21
11/15/1985,18.2,10
11/16/1985,21.8,9.6
11/17/1985,17.8,12
11/18/1985,16.1,12.2
11/19/1985,18.7,11.3
11/20/1985,17.1,13.2
11/21/1985,15.7,10.5
11/22/1985,20.8,10.1
11/23/1985,26.2,8.8
11/24/1985,26.2,13.7
11/25/1985,21.3,16.2
11/26/1985,20.5,16
11/27/1985,20.7,14
11/28/1985,19.9,13.7
11/29/1985,19.1,12.5
11/30/1985,21.7,12.8
12/1/1985,25.6,12.3
12/2/1985,23.4,15.2
12/3/1985,26.6,15
12/4/1985,23.5,16.4
12/5/1985,25,16.1
12/6/1985,25.8,14.6
12/7/1985,28.1,18.2
12/8/1985,27.8,16.4
12/9/1985,23.2,16.6
12/10/1985,21,14.7
12/11/1985,21.1,15.8
12/12/1985,18.3,14.1
12/13/1985,19.6,13.5
12/14/1985,22.2,13.6
12/15/1985,30.6,13.7
12/16/1985,23.1,13.6
12/17/1985,18.4,12.1
12/18/1985,22.4,12.7
12/19/1985,30.9,13.3
12/20/1985,25.2,14.2
12/21/1985,21.4,15
12/22/1985,20.4,13.7
12/23/1985,18.7,12
12/24/1985,22,13.1
12/25/1985,26.6,13.2
12/26/1985,20.4,13.3
12/27/1985,18.5,11.5
12/28/1985,22.5,10.8
12/29/1985,32.7,12
12/30/1985,27.8,16.3
12/31/1985,19,14.4
1/1/1986,21,12.9
1/2/1986,18.5,13.8
1/3/1986,22.2,10.6
1/4/1986,23.3,12.6
1/5/1986,19.8,13.7
1/6/1986,24.7,12.6
1/7/1986,32.4,13.1
1/8/1986,20,15.4
1/9/1986,18.2,11.9
1/10/1986,20.4,13.8
1/11/1986,25.5,14.4
1/12/1986,24.4,15.2
1/13/1986,21.5,12.5
1/14/1986,32.4,12.2
1/15/1986,27.2,16.1
1/16/1986,19.1,14.6
1/17/1986,19.7,11.6
1/18/1986,21.3,13.1
1/19/1986,20.3,12.8
1/20/1986,21,15.2
1/21/1986,22.6,13.8
1/22/1986,21.5,15
1/23/1986,24.2,13.5
1/24/1986,25,11.8
1/25/1986,20.6,15.3
1/26/1986,19.6,13.5
1/27/1986,20,15.3
1/28/1986,29.5,13.8
1/29/1986,35.5,15.8
1/30/1986,21.1,17.4
1/31/1986,23.7,15.3
2/1/1986,33.7,14.6
2/2/1986,21.8,14.8
2/3/1986,21.2,10.7
2/4/1986,23.7,11.6
2/5/1986,26.4,13.6
2/6/1986,21.8,14.4
2/7/1986,31.1,11.8
2/8/1986,38.3,15.8
2/9/1986,22.7,16
2/10/1986,21.5,11.8
2/11/1986,20.8,14.5
2/12/1986,30,10.7
2/13/1986,34.5,14.2
2/14/1986,36.5,19.5
2/15/1986,28.9,21.4
2/16/1986,27.2,17.9
2/17/1986,25.5,17.4
2/18/1986,22.3,12.7
2/19/1986,21.8,13.8
2/20/1986,22.4,14
2/21/1986,19.7,15
2/22/1986,19.4,14.5
2/23/1986,18.5,13.1
2/24/1986,24,11.4
2/25/1986,25.8,12.5
2/26/1986,25.5,12
2/27/1986,26.6,13.4
2/28/1986,34.5,14.4
3/1/1986,21.1,17.7
3/2/1986,20.4,13.9
3/3/1986,24.9,13.3
3/4/1986,21.9,14.6
3/5/1986,25.5,16.4
3/6/1986,38,16.8
3/7/1986,36.4,20
3/8/1986,19,12.5
3/9/1986,18.4,12.7
3/10/1986,17.7,11.7
3/11/1986,21.3,12.7
3/12/1986,25.7,8.6
3/13/1986,30.5,11.9
3/14/1986,32.6,16
3/15/1986,23,15.2
3/16/1986,20.5,13.4
3/17/1986,21.8,11.6
3/18/1986,26.4,11.1
3/19/1986,25.8,15.6
3/20/1986,36.7,17
3/21/1986,27.2,18.5
3/22/1986,27.7,17.4
3/23/1986,20.4,16.5
3/24/1986,18.8,16.2
3/25/1986,22.6,16.1
3/26/1986,32.7,13.2
3/27/1986,22.8,18
3/28/1986,24.4,12.8
3/29/1986,32.6,11.7
3/30/1986,29.1,16.7
3/31/1986,18.3,15.6
4/1/1986,19.6,10.2
4/2/1986,28.6,10.3
4/3/1986,26.8,15
4/4/1986,30.7,18
4/5/1986,16.8,13.8
4/6/1986,16.1,10.5
4/7/1986,18.2,11.8
4/8/1986,19.3,7.2
4/9/1986,19.8,11.6
4/10/1986,26.8,7.4
4/11/1986,17.5,14.2
4/12/1986,18.2,12.2
4/13/1986,24.9,9
4/14/1986,27.3,12.3
4/15/1986,24.8,19.7
4/16/1986,18,12.8
4/17/1986,16.8,12.4
4/18/1986,14.6,12
4/19/1986,18.7,12
4/20/1986,18.8,11.1
4/21/1986,19.5,12.7
4/22/1986,21.1,14.2
4/23/1986,20,11.6
4/24/1986,18.5,12
4/25/1986,17,11.5
4/26/1986,16.2,8.3
4/27/1986,16.7,10.5
4/28/1986,14.9,9
4/29/1986,15.5,6.9
4/30/1986,15.3,9.4
5/1/1986,15.7,11.1
5/2/1986,17.3,9.1
5/3/1986,17.1,7.7
5/4/1986,16.2,10
5/5/1986,15.4,10.4
5/6/1986,15,8
5/7/1986,19,9.8
5/8/1986,19.7,12.4
5/9/1986,19.7,12.9
5/10/1986,15.1,12.3
5/11/1986,16.4,6.9
5/12/1986,21.7,10.5
5/13/1986,19.5,11
5/14/1986,17.2,9.7
5/15/1986,16.4,11.1
5/16/1986,18,11.5
5/17/1986,19.5,13.4
5/18/1986,16.2,10.9
5/19/1986,16,12
5/20/1986,14.4,12.1
5/21/1986,15.4,10.4
5/22/1986,18.2,10
5/23/1986,13.8,9.6
5/24/1986,16.1,11.3
5/25/1986,13.7,8.5
5/26/1986,16.8,6.3
5/27/1986,15.9,8.2
5/28/1986,16.7,10.7
5/29/1986,14.6,10.3
5/30/1986,15.2,9.5
5/31/1986,14,10.9
6/1/1986,14.1,10.9
6/2/1986,16,4.3
6/3/1986,16.7,5.2
6/4/1986,15.2,11
6/5/1986,13.3,11.6
6/6/1986,14,10.6
6/7/1986,15.9,9.4
6/8/1986,14.5,10
6/9/1986,14.2,9.6
6/10/1986,13,9.5
6/11/1986,13.7,9.7
6/12/1986,14.7,9.6
6/13/1986,14.6,7
6/14/1986,13.9,7
6/15/1986,14.2,6.8
6/16/1986,16.8,6.9
6/17/1986,14.7,8
6/18/1986,12.1,7.6
6/19/1986,10.2,8.6
6/20/1986,10.8,5.7
6/21/1986,11.9,5.5
6/22/1986,11.8,5.7
6/23/1986,12,5.7
6/24/1986,12.7,6.6
6/25/1986,13.6,6
6/26/1986,13,6.9
6/27/1986,13.1,7.7
6/28/1986,11.1,8
6/29/1986,12.8,3.9
6/30/1986,13.3,0.8
7/1/1986,11.7,2.8
7/2/1986,14.3,8
7/3/1986,15.4,9.8
7/4/1986,14.2,11.4
7/5/1986,13,8.6
7/6/1986,13.1,5.2
7/7/1986,12.4,6.6
7/8/1986,11.2,5.7
7/9/1986,9.2,4.6
7/10/1986,12.4,5.8
7/11/1986,12.7,7
7/12/1986,13.7,4.8
7/13/1986,12.7,4.4
7/14/1986,15,4.4
7/15/1986,16.4,7.9
7/16/1986,14,10.6
7/17/1986,13.2,5
7/18/1986,13.6,7.6
7/19/1986,15.4,9.2
7/20/1986,13.8,9.7
7/21/1986,15,8.8
7/22/1986,14.5,6.8
7/23/1986,14.8,9.4
7/24/1986,14,11
7/25/1986,8.2,2.5
7/26/1986,10,2.1
7/27/1986,11.2,5.4
7/28/1986,13.3,6.2
7/29/1986,13.7,7.8
7/30/1986,15,7.4
7/31/1986,12.5,9.3
8/1/1986,15.3,9.3
8/2/1986,16.4,9.5
8/3/1986,17.6,8.5
8/4/1986,15,10
8/5/1986,14.8,7.7
8/6/1986,13.8,9.3
8/7/1986,14.8,9.1
8/8/1986,16.6,3.5
8/9/1986,17.3,3.6
8/10/1986,12.2,2.5
8/11/1986,12.1,1.7
8/12/1986,13.9,2.7
8/13/1986,16.8,2.9
8/14/1986,16.8,5.3
8/15/1986,14.5,7.7
8/16/1986,15.1,9.1
8/17/1986,13.8,9.4
8/18/1986,13,7.3
8/19/1986,14.5,8.4
8/20/1986,18,9.2
8/21/1986,20.2,6.6
8/22/1986,21,9.7
8/23/1986,16.5,12.4
8/24/1986,12.2,10.2
8/25/1986,15,5.9
8/26/1986,15.7,7.1
8/27/1986,17.7,7.5
8/28/1986,18.9,9.7
8/29/1986,14.9,12.2
8/30/1986,11.4,5.6
8/31/1986,15.4,5.4
9/1/1986,15.2,8.3
9/2/1986,17.6,10.6
9/3/1986,17.2,9.1
9/4/1986,21.6,11.3
9/5/1986,18.7,10.9
9/6/1986,13.9,8.9
9/7/1986,13.3,6.3
9/8/1986,14.6,9
9/9/1986,16.5,6.1
9/10/1986,17.7,9.1
9/11/1986,13.6,9.6
9/12/1986,15.2,6
9/13/1986,15.5,10
9/14/1986,16.5,11
9/15/1986,18.8,6.2
9/16/1986,13.6,8.3
9/17/1986,14,11.3
9/18/1986,13.8,11.3
9/19/1986,16,6.7
9/20/1986,19.3,6.6
9/21/1986,16.9,11.4
9/22/1986,14.3,6.9
9/23/1986,16.7,10.6
9/24/1986,21.3,8.6
9/25/1986,19.4,11.3
9/26/1986,18.7,12.5
9/27/1986,14.7,9.9
9/28/1986,16.2,6.9
9/29/1986,15.5,5.5
9/30/1986,23.4,7.8
10/1/1986,22,11
10/2/1986,16.7,16.2
10/3/1986,14.4,9.9
10/4/1986,16.4,8.7
10/5/1986,19.6,10.5
10/6/1986,18.3,12.2
10/7/1986,14.4,10.6
10/8/1986,14.8,8.3
10/9/1986,17.1,5.5
10/10/1986,15.2,9
10/11/1986,19.5,6.4
10/12/1986,21.1,7.2
10/13/1986,21.7,12.9
10/14/1986,14.6,12
10/15/1986,18.2,7.3
10/16/1986,17.8,9.7
10/17/1986,23.5,8.4
10/18/1986,20.8,14.7
10/19/1986,15.7,9.5
10/20/1986,16.1,7.9
10/21/1986,21,6.8
10/22/1986,15,12.6
10/23/1986,16,5.2
10/24/1986,16,7.5
10/25/1986,14.8,8.7
10/26/1986,14.6,7.6
10/27/1986,16.1,9
10/28/1986,21.6,7.2
10/29/1986,23.8,10.7
10/30/1986,27,13.1
10/31/1986,20.7,13.9
11/1/1986,19.7,10.8
11/2/1986,20,10.4
11/3/1986,28.8,9.1
11/4/1986,30,16
11/5/1986,33.1,21
11/6/1986,18.9,16.2
11/7/1986,16.3,8.6
11/8/1986,19,9.2
11/9/1986,18.3,12.5
11/10/1986,21.2,9.7
11/11/1986,16.5,12.5
11/12/1986,16.7,10.3
11/13/1986,19.5,12
11/14/1986,29.1,11
11/15/1986,19.7,14.8
11/16/1986,22.6,15
11/17/1986,20.7,15.3
11/18/1986,14,10.3
11/19/1986,15.5,10.7
11/20/1986,14.8,10.5
11/21/1986,19.2,8.9
11/22/1986,27.4,8.1
11/23/1986,18.5,11.5
11/24/1986,18.5,12.8
11/25/1986,31.5,9.1
11/26/1986,16.7,14.6
11/27/1986,15.7,11.6
11/28/1986,16.7,11.2
11/29/1986,22,12.6
11/30/1986,25.7,7.5
12/1/1986,29.2,11
12/2/1986,27.7,14.5
12/3/1986,29.4,18.5
12/4/1986,19.9,15.4
12/5/1986,27.8,13.1
12/6/1986,31.2,16.3
12/7/1986,22.8,20.2
12/8/1986,17.6,11.5
12/9/1986,19.4,12.4
12/10/1986,27.5,10.9
12/11/1986,18.4,12.7
12/12/1986,17.3,12.2
12/13/1986,17.5,12.4
12/14/1986,17.3,9.8
12/15/1986,21.9,8.5
12/16/1986,21.1,14.7
12/17/1986,17.9,12
12/18/1986,19.6,10.3
12/19/1986,23.6,11
12/20/1986,18.2,10.2
12/21/1986,20,12.6
12/22/1986,17.5,11.6
12/23/1986,18.9,9.7
12/24/1986,18.7,13.4
12/25/1986,28.9,10.5
12/26/1986,21.6,14.7
12/27/1986,20.7,14.6
12/28/1986,21.8,14.2
12/29/1986,21.9,13.2
12/30/1986,35,11.7
12/31/1986,26,17.2
1/1/1987,20,12.3
1/2/1987,33.6,13.8
1/3/1987,20.1,15.3
1/4/1987,23.5,15.6
1/5/1987,23.6,16.2
1/6/1987,24.5,16.3
1/7/1987,27,16.8
1/8/1987,17,11
1/9/1987,18.9,8.5
1/10/1987,21.8,13.2
1/11/1987,27.5,13
1/12/1987,22.8,12.4
1/13/1987,26.5,13
1/14/1987,22.7,16.6
1/15/1987,22.5,12
1/16/1987,37.8,12.4
1/17/1987,22,15
1/18/1987,27.6,11.8
1/19/1987,21.2,11.6
1/20/1987,22.6,12.2
1/21/1987,18.7,13.7
1/22/1987,17.5,11.2
1/23/1987,17.7,12.4
1/24/1987,30.3,11.5
1/25/1987,25.6,13.8
1/26/1987,32.7,15.7
1/27/1987,22.9,12.9
1/28/1987,21,11.5
1/29/1987,22.5,11
1/30/1987,25.7,12.7
1/31/1987,37.8,14.9
2/1/1987,21.3,16.5
2/2/1987,38.7,12.8
2/3/1987,21.5,12.7
2/4/1987,18.8,12.7
2/5/1987,21.7,11.6
2/6/1987,30.6,13.3
2/7/1987,40,15.2
2/8/1987,20.8,16.4
2/9/1987,23.7,11.9
2/10/1987,22,15.1
2/11/1987,20.5,10.6
2/12/1987,23.3,13.6
2/13/1987,34.2,12.1
2/14/1987,36.7,16
2/15/1987,21.3,16.8
2/16/1987,28.7,16.6
2/17/1987,27.6,15.6
2/18/1987,28.8,15.2
2/19/1987,37,17.7
2/20/1987,21.7,21
2/21/1987,22.7,13.4
2/22/1987,18.5,10.5
2/23/1987,25.4,9.5
2/24/1987,28.7,12
2/25/1987,18.4,10.4
2/26/1987,24.3,11.5
2/27/1987,33,13.2
2/28/1987,16.5,15
3/1/1987,18,14.1
3/2/1987,22.1,12.4
3/3/1987,24.3,13.4
3/4/1987,24.7,12.5
3/5/1987,30.1,14.3
3/6/1987,22.7,17.6
3/7/1987,22.9,10.4
3/8/1987,16.4,9.9
3/9/1987,16.2,10.2
3/10/1987,19,11.3
3/11/1987,27,9.5
3/12/1987,21.7,11.8
3/13/1987,16.7,11.5
3/14/1987,17.7,10.5
3/15/1987,21.6,10.8
3/16/1987,33.8,13
3/17/1987,31.8,18.5
3/18/1987,32,18.7
3/19/1987,17.6,15
3/20/1987,20.2,13
3/21/1987,17.3,11.3
3/22/1987,17,13
3/23/1987,15.6,13.3
3/24/1987,17.1,11
3/25/1987,21.9,10.3
3/26/1987,20.1,13
3/27/1987,29.7,12.3
3/28/1987,20.7,15.6
3/29/1987,16.5,10.2
3/30/1987,15.8,10.8
3/31/1987,17.4,12
4/1/1987,19.4,13.3
4/2/1987,21.1,11.7
4/3/1987,19.9,12.5
4/4/1987,28.6,13.7
4/5/1987,29.7,14.9
4/6/1987,29.7,20.2
4/7/1987,19.9,16.3
4/8/1987,17.4,13.9
4/9/1987,18.6,10.1
4/10/1987,23,7.3
4/11/1987,25.1,14
4/12/1987,26.6,17.7
4/13/1987,19,16.3
4/14/1987,21.2,10.6
4/15/1987,16.5,9.7
4/16/1987,17.5,7.8
4/17/1987,18.2,10.4
4/18/1987,24,10.4
4/19/1987,22.8,14.1
4/20/1987,15.1,7.1
4/21/1987,16.1,8.1
4/22/1987,15.8,7.8
4/23/1987,17,10.6
4/24/1987,19.7,9.1
4/25/1987,24.9,9
4/26/1987,26.9,11.9
4/27/1987,27.9,17.1
4/28/1987,18.5,16.8
4/29/1987,17,13.5
4/30/1987,16.4,11.6
5/1/1987,20.8,7
5/2/1987,16.7,9.7
5/3/1987,15.8,9.9
5/4/1987,18.5,11.2
5/5/1987,16.5,11.3
5/6/1987,16.6,11.8
5/7/1987,17.4,9.9
5/8/1987,21.7,7.1
5/9/1987,22.7,9.6
5/10/1987,23.3,9.8
5/11/1987,22.5,10.6
5/12/1987,21.9,12.8
5/13/1987,17.9,16.5
5/14/1987,20.1,11.7
5/15/1987,16,12.3
5/16/1987,16.6,12.2
5/17/1987,15.6,11.8
5/18/1987,15.2,10.7
5/19/1987,14.3,10.2
5/20/1987,15,10
5/21/1987,14.5,8.3
5/22/1987,16.9,6.6
5/23/1987,18.3,9.5
5/24/1987,18,12.3
5/25/1987,13.5,7.6
5/26/1987,13.7,9.3
5/27/1987,10.9,5
5/28/1987,13.6,4.3
5/29/1987,15.2,6.4
5/30/1987,14.1,10.8
5/31/1987,13.2,7.8
6/1/1987,13.8,8.5
6/2/1987,14.6,9.7
6/3/1987,16.2,10
6/4/1987,14.5,11
6/5/1987,14.3,10.2
6/6/1987,15.6,6.6
6/7/1987,15.9,6.1
6/8/1987,19.3,5.9
6/9/1987,16,8.9
6/10/1987,20.3,13
6/11/1987,15.8,12.6
6/12/1987,16.2,5.4
6/13/1987,12.8,6
6/14/1987,15,7.8
6/15/1987,13.4,9
6/16/1987,13.2,4.2
6/17/1987,13.8,3
6/18/1987,15.7,4.5
6/19/1987,16.2,6.2
6/20/1987,14.9,11.9
6/21/1987,18.3,11.8
6/22/1987,15.3,9.4
6/23/1987,15.2,9.6
6/24/1987,14.2,9.4
6/25/1987,12,7
6/26/1987,13.7,8.9
6/27/1987,13.8,9.3
6/28/1987,12.3,6.8
6/29/1987,12.8,7.5
6/30/1987,13.1,8
7/1/1987,14.5,8.3
7/2/1987,14,2.7
7/3/1987,13.3,3.9
7/4/1987,15.7,4.1
7/5/1987,16,5
7/6/1987,16.2,5.8
7/7/1987,18,4.4
7/8/1987,16.3,4.1
7/9/1987,15.8,5.8
7/10/1987,13.3,9.1
7/11/1987,13.7,7.9
7/12/1987,11.5,5
7/13/1987,13.7,2.8
7/14/1987,12.3,4.7
7/15/1987,12.6,8.9
7/16/1987,12.7,5.4
7/17/1987,14.8,7.1
7/18/1987,14.9,9
7/19/1987,12,9.4
7/20/1987,12.8,6.3
7/21/1987,12.4,7
7/22/1987,13,6.4
7/23/1987,13.1,6.7
7/24/1987,12.9,1.5
7/25/1987,13.8,2.9
7/26/1987,15.2,4.8
7/27/1987,13.1,6.3
7/28/1987,11.1,5.7
7/29/1987,10.8,7
7/30/1987,13.1,8.8
7/31/1987,15,8.7
8/1/1987,15.7,9
8/2/1987,16.4,9.6
8/3/1987,14.1,8
8/4/1987,15.5,8.4
8/5/1987,14.8,8.1
8/6/1987,13.9,9
8/7/1987,15.4,5.3
8/8/1987,14.8,8.9
8/9/1987,10.9,8.7
8/10/1987,12.9,4.9
8/11/1987,12.8,7
8/12/1987,18.6,7.5
8/13/1987,14.6,7
8/14/1987,18,9.1
8/15/1987,18.5,11.8
8/16/1987,11.8,9.9
8/17/1987,13.3,5.6
8/18/1987,14.5,4.2
8/19/1987,14,4.3
8/20/1987,13.3,8
8/21/1987,15,5.1
8/22/1987,18.4,9.4
8/23/1987,13.6,9.1
8/24/1987,15.3,9.7
8/25/1987,16.1,10.6
8/26/1987,19,8.6
8/27/1987,15.5,10.1
8/28/1987,16.2,11
8/29/1987,14.9,9.7
8/30/1987,17.9,5
8/31/1987,10.1,6.1
9/1/1987,12.1,5.4
9/2/1987,13.1,5.8
9/3/1987,12.9,7.3
9/4/1987,15.4,6.3
9/5/1987,15.6,4.8
9/6/1987,14,7.6
9/7/1987,14.2,8.1
9/8/1987,17.4,9.5
9/9/1987,14,10.3
9/10/1987,13.6,7
9/11/1987,15.7,9
9/12/1987,14,10.2
9/13/1987,15,6.8
9/14/1987,16.4,9.3
9/15/1987,15.1,9.8
9/16/1987,17.1,10.7
9/17/1987,18.9,7.8
9/18/1987,23.8,9.2
9/19/1987,25.9,15
9/20/1987,15,7.8
9/21/1987,17,5.3
9/22/1987,19,9.5
9/23/1987,26.5,7.6
9/24/1987,26.9,14
9/25/1987,23.7,14.9
9/26/1987,30.7,14.9
9/27/1987,29.6,19.2
9/28/1987,25.9,17
9/29/1987,20.2,13
9/30/1987,14.8,11.2
10/1/1987,13.9,9.5
10/2/1987,15.7,10.3
10/3/1987,22.8,9.3
10/4/1987,18.7,11.3
10/5/1987,17,6.5
10/6/1987,19,12
10/7/1987,14.1,8.3
10/8/1987,17.6,8.7
10/9/1987,19,8.7
10/10/1987,15.8,10.2
10/11/1987,12.9,6.9
10/12/1987,14.5,4.9
10/13/1987,15.9,10
10/14/1987,21.9,7.6
10/15/1987,24.1,14.5
10/16/1987,19.4,13.2
10/17/1987,15.4,9.9
10/18/1987,17.6,10.1
10/19/1987,20.5,11.3
10/20/1987,19.4,10.4
10/21/1987,18,10.9
10/22/1987,16.8,9.2
10/23/1987,15.8,10.5
10/24/1987,16,11.4
10/25/1987,22.1,13.5
10/26/1987,26.8,9.8
10/27/1987,26.3,13.1
10/28/1987,17.5,9.7
10/29/1987,19,11.4
10/30/1987,30.3,9.9
10/31/1987,32.7,14.4
11/1/1987,35,19
11/2/1987,36.1,23
11/3/1987,18.1,15.4
11/4/1987,18.1,9.6
11/5/1987,16.8,10.8
11/6/1987,18.6,12.1
11/7/1987,20.5,11
11/8/1987,27.8,12.6
11/9/1987,18.8,14.7
11/10/1987,16.8,11.1
11/11/1987,17.2,10.1
11/12/1987,19.6,11.4
11/13/1987,18.8,13
11/14/1987,18.5,11.9
11/15/1987,19.8,9.5
11/16/1987,30.5,13.5
11/17/1987,28.3,15.2
11/18/1987,32.6,18.4
11/19/1987,30.1,24.1
11/20/1987,19.8,14.1
11/21/1987,19.9,10.7
11/22/1987,23.8,8.7
11/23/1987,24.3,13.3
11/24/1987,17.4,11.6
11/25/1987,18.2,9.9
11/26/1987,18.4,10.8
11/27/1987,16.9,11.5
11/28/1987,24,10
11/29/1987,32.8,13.9
11/30/1987,18.9,13.6
12/1/1987,15.5,11.9
12/2/1987,16,11.1
12/3/1987,16.6,8.2
12/4/1987,20.8,9.4
12/5/1987,19.6,12.7
12/6/1987,18.5,11.6
12/7/1987,17.6,11
12/8/1987,20.8,11.3
12/9/1987,21.5,13.4
12/10/1987,25,14.9
12/11/1987,21.2,15.2
12/12/1987,22.6,13.9
12/13/1987,25.6,15
12/14/1987,25.1,16.2
12/15/1987,32.5,17.7
12/16/1987,27.8,20.5
12/17/1987,21.5,14.7
12/18/1987,20.7,12.5
12/19/1987,19.9,10.9
12/20/1987,18.4,12.8
12/21/1987,22.3,12.7
12/22/1987,24.6,11.2
12/23/1987,25.6,11.4
12/24/1987,19,11.2
12/25/1987,18.7,12.1
12/26/1987,29.2,12.7
12/27/1987,31.8,16.2
12/28/1987,18.4,14.2
12/29/1987,19.2,14.3
12/30/1987,30.8,13.3
12/31/1987,32.2,16.7
1/1/1988,22,15.3
1/2/1988,21.4,14.3
1/3/1988,20,13.5
1/4/1988,20.6,15
1/5/1988,22.2,13.6
1/6/1988,30,15.2
1/7/1988,40.4,17
1/8/1988,26.3,18.7
1/9/1988,39,16.5
1/10/1988,30.6,17.4
1/11/1988,39.2,18.3
1/12/1988,37.8,18.3
1/13/1988,28.8,22.4
1/14/1988,30.8,21.4
1/15/1988,38.7,20.9
1/16/1988,25.2,17.6
1/17/1988,20.6,15.5
1/18/1988,21,16.6
1/19/1988,25.6,16.2
1/20/1988,36.2,15.6
1/21/1988,24.9,14.5
1/22/1988,26.2,14
1/23/1988,20,15.6
1/24/1988,19.7,12.3
1/25/1988,20.3,11.6
1/26/1988,25.1,12.6
1/27/1988,29.1,14.9
1/28/1988,37.5,17.3
1/29/1988,39.2,21.4
1/30/1988,33.7,23.4
1/31/1988,19.5,14.4
2/1/1988,19.9,14.1
2/2/1988,21,15
2/3/1988,20.3,14.5
2/4/1988,22.6,15.1
2/5/1988,32.9,13.9
2/6/1988,21.3,13.4
2/7/1988,19.5,9.2
2/8/1988,19.2,12.5
2/9/1988,22,15.1
2/10/1988,27.2,12.1
2/11/1988,32.2,14.5
2/12/1988,25.4,16.3
2/13/1988,25,16.5
2/14/1988,25.2,14.9
2/15/1988,26.7,13.2
2/16/1988,25.3,11.8
2/17/1988,29.9,13.6
2/18/1988,27.6,16.2
2/19/1988,20.6,14.1
2/20/1988,21,13.5
2/21/1988,21.6,15
2/22/1988,24,14.8
2/23/1988,23.8,16.2
2/24/1988,21.9,16.2
2/25/1988,29.4,13.3
2/26/1988,37.4,15.3
2/27/1988,21.5,18.4
2/28/1988,21.1,16.2
2/29/1988,21,16.3
3/1/1988,36.3,12.4
3/2/1988,28.7,15.6
3/3/1988,19.4,14.9
3/4/1988,20.3,14.8
3/5/1988,20.8,12.7
3/6/1988,30.5,14.2
3/7/1988,30.3,16.8
3/8/1988,23.4,16.7
3/9/1988,25.7,16.2
3/10/1988,15.7,14.5
3/11/1988,19.3,10
3/12/1988,18.8,12.6
3/13/1988,17,11.9
3/14/1988,17.6,11.8
3/15/1988,18.5,13.4
3/16/1988,21,14.5
3/17/1988,26.9,15.7
3/18/1988,30.6,15.3
3/19/1988,32.7,13.9
3/20/1988,29.2,13.7
3/21/1988,25.8,15.1
3/22/1988,28.2,15.6
3/23/1988,24.7,14.4
3/24/1988,30.6,13.9
3/25/1988,30.6,16.2
3/26/1988,29,16.7
3/27/1988,26.5,15.5
3/28/1988,25.5,16.4
3/29/1988,24.9,17.5
3/30/1988,20.9,18.2
3/31/1988,23.4,16.1
4/1/1988,18.1,16.5
4/2/1988,20.7,14.6
4/3/1988,20.3,16.4
4/4/1988,21.1,13.6
4/5/1988,19.5,15.9
4/6/1988,20.4,11.9
4/7/1988,17.3,14.7
4/8/1988,18.5,9.4
4/9/1988,21,6.6
4/10/1988,23.5,7.9
4/11/1988,25.7,11
4/12/1988,23.1,15.7
4/13/1988,24.8,15.2
4/14/1988,22.4,15.9
4/15/1988,17.4,10.6
4/16/1988,18.3,8.3
4/17/1988,26,8.6
4/18/1988,25.5,12.7
4/19/1988,21.8,10.5
4/20/1988,21.2,12
4/21/1988,25.2,11.1
4/22/1988,21.7,13
4/23/1988,22.6,12.4
4/24/1988,24.3,13.3
4/25/1988,17,15.9
4/26/1988,20.7,12
4/27/1988,22.7,13.7
4/28/1988,25.4,17.6
4/29/1988,24.9,14.3
4/30/1988,25,13.7
5/1/1988,20.5,15.2
5/2/1988,20.2,14.5
5/3/1988,19.4,14.9
5/4/1988,21.4,15.5
5/5/1988,25.5,16.4
5/6/1988,19.4,14.5
5/7/1988,18.8,12.6
5/8/1988,17,13.6
5/9/1988,15.5,11.2
5/10/1988,16.2,11
5/11/1988,16.7,12
5/12/1988,20.1,6.8
5/13/1988,21.4,10.6
5/14/1988,16.4,13.1
5/15/1988,17.3,13.5
5/16/1988,17,11.7
5/17/1988,18.2,13.2
5/18/1988,17.5,12
5/19/1988,14.9,10.4
5/20/1988,18,10
5/21/1988,16.7,8.2
5/22/1988,17.1,9.4
5/23/1988,16.8,10.3
5/24/1988,17.7,8.1
5/25/1988,18.4,8.7
5/26/1988,18.5,12.6
5/27/1988,15.5,10.9
5/28/1988,15.4,8.7
5/29/1988,17.5,9.3
5/30/1988,16.8,6.3
5/31/1988,18.9,7.8
6/1/1988,19.4,10
6/2/1988,20.3,11
6/3/1988,19.3,11.1
6/4/1988,17,12.6
6/5/1988,16.4,10.2
6/6/1988,13.3,11.1
6/7/1988,13.6,8.7
6/8/1988,14.1,9.5
6/9/1988,14.8,9.7
6/10/1988,14.1,8.2
6/11/1988,17,5
6/12/1988,16,6.5
6/13/1988,16.5,12.1
6/14/1988,14.9,8.9
6/15/1988,14.4,6.1
6/16/1988,13.5,2.8
6/17/1988,11.3,3.7
6/18/1988,15,6.8
6/19/1988,13,6.6
6/20/1988,14.9,7
6/21/1988,14.6,7.3
6/22/1988,14.1,7.9
6/23/1988,15.5,10.6
6/24/1988,14.4,8.1
6/25/1988,12,6.7
6/26/1988,17.5,8
6/27/1988,13.3,10
6/28/1988,14.3,6.7
6/29/1988,14,9.4
6/30/1988,13.5,9.3
7/1/1988,13.3,6
7/2/1988,12.3,5.8
7/3/1988,12.6,4.9
7/4/1988,14.1,5
7/5/1988,16.6,8.4
7/6/1988,17.3,12.3
7/7/1988,17.1,13
7/8/1988,16.1,11.4
7/9/1988,15,6.8
7/10/1988,15.4,7.6
7/11/1988,14.6,12.4
7/12/1988,14.6,7.1
7/13/1988,16.8,7.5
7/14/1988,16.5,10
7/15/1988,15.6,5.3
7/16/1988,14.8,6.3
7/17/1988,15.2,8
7/18/1988,15.2,8.3
7/19/1988,15,9.3
7/20/1988,14.1,9.5
7/21/1988,15.5,5.6
7/22/1988,12.6,7
7/23/1988,12.9,8.5
7/24/1988,15.1,8.5
7/25/1988,13,8.2
7/26/1988,15.6,8.5
7/27/1988,13.4,9.6
7/28/1988,14.4,9.7
7/29/1988,14.5,7.1
7/30/1988,15.4,8.4
7/31/1988,16.7,9.2
8/1/1988,16.1,9.8
8/2/1988,16.6,8.1
8/3/1988,16.5,9.4
8/4/1988,13.8,10
8/5/1988,13.4,5.1
8/6/1988,11.9,6.7
8/7/1988,10.7,6.9
8/8/1988,13.2,6.8
8/9/1988,13.1,8.6
8/10/1988,12.8,9.1
8/11/1988,16.2,3.9
8/12/1988,18,4.8
8/13/1988,18.9,8.4
8/14/1988,18.3,11.6
8/15/1988,19.8,12.1
8/16/1988,19.3,12.4
8/17/1988,16.2,10
8/18/1988,17.6,10.1
8/19/1988,17.5,9.7
8/20/1988,13.2,11.7
8/21/1988,13.2,7.9
8/22/1988,13.4,8.6
8/23/1988,14.2,7.7
8/24/1988,16.1,5.8
8/25/1988,14.2,8.7
8/26/1988,14.3,10.6
8/27/1988,14.5,6.7
8/28/1988,17.1,8.8
8/29/1988,18.2,9.7
8/30/1988,22.2,9
8/31/1988,22.4,11.8
9/1/1988,15.6,15.2
9/2/1988,16.6,10
9/3/1988,14.5,10.5
9/4/1988,17.7,5.5
9/5/1988,21,9.4
9/6/1988,14.3,8.8
9/7/1988,20,5.3
9/8/1988,20.2,13
9/9/1988,19.2,15.2
9/10/1988,19.8,13.2
9/11/1988,14.8,11.5
9/12/1988,14.2,6.8
9/13/1988,17.2,4.7
9/14/1988,17.2,5.2
9/15/1988,22.1,6.8
9/16/1988,15.4,10.7
9/17/1988,16.1,10.1
9/18/1988,14.8,10
9/19/1988,15.1,9.8
9/20/1988,20.2,5.5
9/21/1988,22.3,13.5
9/22/1988,24.6,16.6
9/23/1988,18.4,8.4
9/24/1988,18.2,8.2
9/25/1988,23.4,11.1
9/26/1988,23.8,10.8
9/27/1988,20.1,8.8
9/28/1988,20.5,10.8
9/29/1988,19.5,8.7
9/30/1988,18.8,12.4
10/1/1988,19.8,9
10/2/1988,26.2,13.5
10/3/1988,21.2,14.7
10/4/1988,21.2,10.9
10/5/1988,17.3,8.5
10/6/1988,20.5,6
10/7/1988,19.2,12.7
10/8/1988,18,11.1
10/9/1988,17.7,8.7
10/10/1988,23.7,12.3
10/11/1988,16.9,13.3
10/12/1988,23.2,5.6
10/13/1988,22.3,13.7
10/14/1988,18.7,8.5
10/15/1988,24,11.2
10/16/1988,16.4,8.7
10/17/1988,18.8,11.7
10/18/1988,19,12.5
10/19/1988,26.7,8.2
10/20/1988,19.3,15.6
10/21/1988,19.5,10.3
10/22/1988,21.2,11.4
10/23/1988,17,9.7
10/24/1988,24.4,6.3
10/25/1988,29,14.3
10/26/1988,19.2,11.3
10/27/1988,24.6,7.3
10/28/1988,23.4,12.8
10/29/1988,22.6,11.9
10/30/1988,21.1,14.3
10/31/1988,29.1,11.6
11/1/1988,36.1,13.2
11/2/1988,23.1,15.5
11/3/1988,16.5,14.1
11/4/1988,16.2,9.5
11/5/1988,21.3,7.2
11/6/1988,25.4,11.8
11/7/1988,26.4,16.8
11/8/1988,21.1,12.5
11/9/1988,21.1,9.4
11/10/1988,19.7,11.9
11/11/1988,31.2,10.3
11/12/1988,34.5,16.9
11/13/1988,22.9,17.5
11/14/1988,13.5,7.5
11/15/1988,16.2,8.6
11/16/1988,15.3,11.1
11/17/1988,19.2,11.5
11/18/1988,29.4,10.7
11/19/1988,27.7,15.7
11/20/1988,19.6,12.8
11/21/1988,16.8,13
11/22/1988,19.9,12.9
11/23/1988,20.4,14.3
11/24/1988,18.3,13.7
11/25/1988,16.7,12.1
11/26/1988,16.9,11.9
11/27/1988,18.9,11.8
11/28/1988,17.6,11.4
11/29/1988,18.6,10.3
11/30/1988,21.4,11.7
12/1/1988,28.7,12
12/2/1988,28,17.4
12/3/1988,22.8,16.8
12/4/1988,17.2,16.2
12/5/1988,18.7,13
12/6/1988,19.9,12.5
12/7/1988,23,12.4
12/8/1988,30.8,16.1
12/9/1988,31.7,20.2
12/10/1988,20.8,14.3
12/11/1988,20.8,11
12/12/1988,25.2,14.4
12/13/1988,31.3,15.7
12/14/1988,32.1,19.7
12/15/1988,34.3,20.7
12/16/1988,33.7,23.9
12/17/1988,28.6,16.6
12/18/1988,19.2,17.5
12/19/1988,20.9,14.9
12/20/1988,21.1,13.6
12/21/1988,26.1,11.9
12/22/1988,26.4,15.2
12/23/1988,36.8,17.3
12/24/1988,26.3,19.8
12/25/1988,17.9,15.8
12/26/1988,21.3,9.5
12/27/1988,19.5,12.9
12/28/1988,20.1,12.9
12/29/1988,21.7,14.8
12/30/1988,19.5,14.1
1/1/1989,24.8,14.3
1/2/1989,30.2,17.4
1/3/1989,31.6,18.5
1/4/1989,19,16.8
1/5/1989,21.3,11.5
1/6/1989,20.6,9.5
1/7/1989,22.8,12.2
1/8/1989,33.2,15.7
1/9/1989,24.7,16.3
1/10/1989,21.3,13.6
1/11/1989,17.9,12.6
1/12/1989,18.7,13.8
1/13/1989,25.3,12.1
1/14/1989,31,13.4
1/15/1989,33.2,17.3
1/16/1989,31,19.4
1/17/1989,18.2,16.6
1/18/1989,19.1,13.9
1/19/1989,22.2,13.1
1/20/1989,20.3,16
1/21/1989,19.8,14.5
1/22/1989,18.3,15
1/23/1989,27.5,12.6
1/24/1989,29.8,12.5
1/25/1989,31,15.2
1/26/1989,32.9,16.2
1/27/1989,35.5,16.5
1/28/1989,36,20.1
1/29/1989,36.6,20.6
1/30/1989,21.7,16.9
1/31/1989,19.8,16.5
2/1/1989,26.7,16.1
2/2/1989,22.9,14.4
2/3/1989,19.8,16.3
2/4/1989,24.9,15.7
2/5/1989,24.8,14.2
2/6/1989,28.8,13.2
2/7/1989,32.7,16.8
2/8/1989,33.7,18.5
2/9/1989,24.7,16.7
2/10/1989,21.6,15.3
2/11/1989,26.2,15.9
2/12/1989,33.4,15.2
2/13/1989,22.9,17.5
2/14/1989,31.2,18.3
2/15/1989,23.1,19.4
2/16/1989,24.4,19.4
2/17/1989,30.7,19.5
2/18/1989,38.8,20.5
2/19/1989,21.5,15.7
2/20/1989,20.7,15
2/21/1989,20.3,16.1
2/22/1989,21.3,14.3
2/23/1989,30,13
2/24/1989,37.1,16.2
2/25/1989,21.1,17.7
2/26/1989,22,13.2
2/27/1989,34.4,15.8
2/28/1989,33.8,18.5
3/1/1989,37.8,20.4
3/2/1989,38.4,22
3/3/1989,32.8,19.7
3/4/1989,34.4,19.6
3/5/1989,26.4,20.3
3/6/1989,27.3,18.3
3/7/1989,28,18.9
3/8/1989,30.7,20.3
3/9/1989,30.7,21.4
3/10/1989,23.4,18.3
3/11/1989,26.1,17.8
3/12/1989,26.1,17.7
3/13/1989,21.8,12.8
3/14/1989,18.9,15.1
3/15/1989,18.5,15
3/16/1989,17.5,14.8
3/17/1989,21.5,12
3/18/1989,25.1,12.5
3/19/1989,21.9,15
3/20/1989,24.2,17.1
3/21/1989,24.2,17.3
3/22/1989,27.4,16.9
3/23/1989,21.3,16.5
3/24/1989,18,13.6
3/25/1989,18.7,13.2
3/26/1989,20,9.4
3/27/1989,20.9,9.5
3/28/1989,19.3,11.8
3/29/1989,19.3,10.4
3/30/1989,22.2,9.7
3/31/1989,17.7,12.6
4/1/1989,21.9,13.3
4/2/1989,25.2,15.1
4/3/1989,25.1,14.2
4/4/1989,28.5,14.2
4/5/1989,27.6,19.2
4/6/1989,19.6,12.6
4/7/1989,18.5,14.2
4/8/1989,19.2,11.9
4/9/1989,20.4,13.9
4/10/1989,22.8,13.5
4/11/1989,23,15.3
4/12/1989,20.3,13.9
4/13/1989,18,14
4/14/1989,18,12.9
4/15/1989,20.2,8.5
4/16/1989,18.1,11.4
4/17/1989,19.2,10.9
4/18/1989,17.8,12
4/19/1989,19.8,8.6
4/20/1989,20.3,9
4/21/1989,18.3,9.6
4/22/1989,18.3,10.2
4/23/1989,20.2,9.8
4/24/1989,22,8.3
4/25/1989,24.3,11
4/26/1989,24.7,11.9
4/27/1989,25.4,14
4/28/1989,19.9,15.8
4/29/1989,23,14.5
4/30/1989,21.8,13.2
5/1/1989,19.3,14.2
5/2/1989,18.5,14.6
5/3/1989,20.6,11.8
5/4/1989,17.2,14.4
5/5/1989,17.5,10.4
5/6/1989,19.1,10.3
5/7/1989,18,10.8
5/8/1989,18.9,10.5
5/9/1989,23.4,9.5
5/10/1989,19.3,12.5
5/11/1989,19.2,13.7
5/12/1989,21.2,12.7
5/13/1989,21.5,11.9
5/14/1989,17.2,11.4
5/15/1989,16.8,9.7
5/16/1989,16,8.3
5/17/1989,18.9,8.1
5/18/1989,20.6,11.7
5/19/1989,15.9,11.6
5/20/1989,16.7,7.4
5/21/1989,18.4,5.2
5/22/1989,16.2,11
5/23/1989,16.2,9.5
5/24/1989,15.8,9.2
5/25/1989,16.2,10.7
5/26/1989,18.3,9
5/27/1989,18.5,10.2
5/28/1989,19.4,10.3
5/29/1989,17,12.1
5/30/1989,14.6,13.2
5/31/1989,11,6.6
6/1/1989,12.4,2.3
6/2/1989,14,1.4
6/3/1989,10.8,2.1
6/4/1989,13.1,6.6
6/5/1989,15,8.9
6/6/1989,13,7.8
6/7/1989,17.5,9
6/8/1989,16,10.3
6/9/1989,10.2,7.9
6/10/1989,13.7,7.2
6/11/1989,15.4,8.6
6/12/1989,13.6,8.8
6/13/1989,12.9,6.2
6/14/1989,14.2,9.5
6/15/1989,15,10.2
6/16/1989,15.2,9.7
6/17/1989,18.2,11.2
6/18/1989,12.3,10.2
6/19/1989,13.8,10.1
6/20/1989,13.9,8.1
6/21/1989,14.6,6.6
6/22/1989,14.9,5
6/23/1989,12.6,4.7
6/24/1989,11.2,5.3
6/25/1989,12.9,4.5
6/26/1989,14.1,2.3
6/27/1989,12.8,1.4
6/28/1989,15.8,0.5
6/29/1989,16,2.4
6/30/1989,16,8
7/1/1989,16.6,6
7/2/1989,16.6,7.1
7/3/1989,16,9.7
7/4/1989,12.7,6.9
7/5/1989,12.3,5.3
7/6/1989,11.8,7
7/7/1989,14.1,6.2
7/8/1989,12.6,7
7/9/1989,12.9,9.7
7/10/1989,11.5,8
7/11/1989,12.9,8.5
7/12/1989,11.8,7.1
7/13/1989,11.9,7.5
7/14/1989,14.2,3.3
7/15/1989,12,1.8
7/16/1989,11.7,2.6
7/17/1989,11.8,5.3
7/18/1989,13,5.8
7/19/1989,11.4,5.8
7/20/1989,11,7.2
7/21/1989,12.3,5.3
7/22/1989,13.1,1.6
7/23/1989,11.4,3.1
7/24/1989,16,5.3
7/25/1989,15.3,7.7
7/26/1989,13.2,4.2
7/27/1989,15.9,5.5
7/28/1989,16,9
7/29/1989,19.6,11.2
7/30/1989,15.2,8
7/31/1989,10.6,7.6
8/1/1989,14.8,3.7
8/2/1989,15.8,7.5
8/3/1989,14.1,8.1
8/4/1989,14.4,8.4
8/5/1989,10.7,7.1
8/6/1989,13.2,7.6
8/7/1989,13,7.6
8/8/1989,13.2,5.6
8/9/1989,16,7
8/10/1989,13.2,10.5
8/11/1989,11.8,7.3
8/12/1989,11.6,7.8
8/13/1989,13.4,5.8
8/14/1989,15.2,3.8
8/15/1989,15.5,5.8
8/16/1989,13.5,6.7
8/17/1989,14,6.6
8/18/1989,18.5,6.6
8/19/1989,14.9,9
8/20/1989,13.9,8.1
8/21/1989,15.9,5.1
8/22/1989,11.3,8.6
8/23/1989,12.2,7
8/24/1989,13.8,5.5
8/25/1989,13.8,7.4
8/26/1989,11.3,6.2
8/27/1989,13,4.2
8/28/1989,13.6,6.3
8/29/1989,13.2,7
8/30/1989,16,4
8/31/1989,17.2,8
9/1/1989,14.7,8.8
9/2/1989,15.5,8.8
9/3/1989,15.2,6.1
9/4/1989,16,8.6
9/5/1989,16.6,8.9
9/6/1989,17.8,7.8
9/7/1989,19.8,5
9/8/1989,20.6,7
9/9/1989,19,13.3
9/10/1989,19.5,7.9
9/11/1989,12.6,7.5
9/12/1989,14.3,8.3
9/13/1989,14.9,7.2
9/14/1989,13.7,6.5
9/15/1989,14.2,8.9
9/16/1989,18.4,7.4
9/17/1989,15.4,9.9
9/18/1989,18.7,9.3
9/19/1989,16.9,10.6
9/20/1989,16.5,8.6
9/21/1989,20,7.2
9/22/1989,17.2,12.6
9/23/1989,15.8,7.8
9/24/1989,20,6.3
9/25/1989,14.3,9.2
9/26/1989,14.2,5.8
9/27/1989,14.7,9
9/28/1989,22.4,5
9/29/1989,25.3,11.9
9/30/1989,21.5,13.4
10/1/1989,15,10.5
10/2/1989,13.8,6.2
10/3/1989,15.6,5.1
10/4/1989,22.8,9.5
10/5/1989,18,11.7
10/6/1989,16.6,9.2
10/7/1989,20,7.3
10/8/1989,17.5,9.7
10/9/1989,18.1,9.4
10/10/1989,17.1,10
10/11/1989,18.4,10.9
10/12/1989,18.8,11
10/13/1989,21.8,10.9
10/14/1989,19.7,8
10/15/1989,26.1,11.2
10/16/1989,18.7,7.5
10/17/1989,20.8,7.2
10/18/1989,29.7,13.2
10/19/1989,21,12.9
10/20/1989,17.3,9.4
10/21/1989,16.8,10.2
10/22/1989,19.4,9.5
10/23/1989,16.8,12.4
10/24/1989,21.1,10.2
10/25/1989,20.4,13.4
10/26/1989,26.1,11.6
10/27/1989,15,8
10/28/1989,17,9
10/29/1989,24,9.3
10/30/1989,22.5,13.5
10/31/1989,16.3,8
11/1/1989,17.9,8.1
11/2/1989,17.7,10
11/3/1989,18.4,8.5
11/4/1989,25.6,12.5
11/5/1989,28.3,15
11/6/1989,15.1,13.3
11/7/1989,16.8,11
11/8/1989,19.6,11.9
11/9/1989,15.8,8.3
11/10/1989,16.9,9.7
11/11/1989,17.8,11.3
11/12/1989,18.2,12.5
11/13/1989,19.2,9.4
11/14/1989,19,11.4
11/15/1989,18.4,13.2
11/16/1989,22,13.8
11/17/1989,16.4,16
11/18/1989,16.7,10.9
11/19/1989,17.4,11.9
11/20/1989,20.6,12.4
11/21/1989,30.4,13.2
11/22/1989,30.3,15.5
11/23/1989,35.5,21.6
11/24/1989,18.8,14.9
11/25/1989,24.7,14.4
11/26/1989,27.3,12.9
11/27/1989,29.4,13.1
11/28/1989,32.5,14
11/29/1989,33.9,17.9
11/30/1989,25,17.7
12/1/1989,33.6,16.3
12/2/1989,25.7,18.3
12/3/1989,19,13.7
12/4/1989,18.4,13.3
12/5/1989,22.1,10.6
12/6/1989,25.2,14.1
12/7/1989,23.9,16
12/8/1989,28.7,16.5
12/9/1989,31.1,14.1
12/10/1989,29.1,18.7
12/11/1989,25.6,16.2
12/12/1989,23.2,14.8
12/13/1989,19,12.6
12/14/1989,17.1,10.4
12/15/1989,18,12.2
12/16/1989,20,12.6
12/17/1989,32.9,12.1
12/18/1989,32.1,17.3
12/19/1989,25.2,16.4
12/20/1989,18.5,12.6
12/21/1989,18.9,12.3
12/22/1989,20.8,11.8
12/23/1989,23.7,12
12/24/1989,28,12.7
12/25/1989,35.2,16.4
12/26/1989,23.2,16
12/27/1989,18,13.3
12/28/1989,19.8,11.7
12/29/1989,31.9,10.4
12/30/1989,21.5,14.4
12/31/1989,33,12.7
1/1/1990,21.6,14.8
1/2/1990,31.2,13.3
1/3/1990,36.6,15.6
1/4/1990,19.6,14.5
1/5/1990,23.1,14.3
1/6/1990,21.9,15.3
1/7/1990,21.1,16.4
1/8/1990,27.6,14.8
1/9/1990,27.3,17.4
1/10/1990,30.1,18.8
1/11/1990,33.5,22.1
1/12/1990,24.2,19
1/13/1990,21.4,15.5
1/14/1990,20.4,15.8
1/15/1990,20.3,14.7
1/16/1990,18.5,10.7
1/17/1990,29.5,11.5
1/18/1990,25.4,15
1/19/1990,25.2,14.5
1/20/1990,21.6,14.5
1/21/1990,21.8,13.3
1/22/1990,25.4,14.3
1/23/1990,36.6,14.3
1/24/1990,36.6,20.5
1/25/1990,28.7,15
1/26/1990,27.2,17.1
1/27/1990,25.5,16.9
1/28/1990,23.6,16.9
1/29/1990,25.6,13.6
1/30/1990,35.9,16.4
1/31/1990,19.1,16.1
2/1/1990,15,12
2/2/1990,20.7,12.2
2/3/1990,21.9,14.8
2/4/1990,18.2,14.8
2/5/1990,21.9,14.4
2/6/1990,25.3,12.9
2/7/1990,29.6,13.4
2/8/1990,29.9,15.9
2/9/1990,24.4,16.1
2/10/1990,20.2,17.6
2/11/1990,23.5,15.6
2/12/1990,26,15
2/13/1990,25.9,13
2/14/1990,27.4,14.1
2/15/1990,31.5,17.3
2/16/1990,35.8,15.7
2/17/1990,23.9,18.6
2/18/1990,27.8,12.7
2/19/1990,26,14
2/20/1990,31.1,13.7
2/21/1990,35.2,16.3
2/22/1990,27.8,20
2/23/1990,21.3,17
2/24/1990,21.5,15.2
2/25/1990,23,16.5
2/26/1990,24.4,16.5
2/27/1990,27.4,17.3
2/28/1990,23.8,19.1
3/1/1990,25.2,19.3
3/2/1990,28.5,17.3
3/3/1990,25.3,19
3/4/1990,25.6,19.8
3/5/1990,24.1,19.3
3/6/1990,19.3,17.2
3/7/1990,22.7,14.2
3/8/1990,31.2,10.3
3/9/1990,25.8,13
3/10/1990,21.5,15.3
3/11/1990,20.3,15
3/12/1990,18.9,12.1
3/13/1990,25.2,9.2
3/14/1990,26.8,11
3/15/1990,19.2,15
3/16/1990,21.5,11.6
3/17/1990,30.8,11.6
3/18/1990,18.6,15.1
3/19/1990,19.8,15
3/20/1990,21.3,13.6
3/21/1990,21.3,12.5
3/22/1990,29.9,14.3
3/23/1990,32,16
3/24/1990,32.4,17.4
3/25/1990,32.5,16.9
3/26/1990,32.6,18
3/27/1990,31.5,20.6
3/28/1990,21,14.2
3/29/1990,20.6,10.9
3/30/1990,19.7,11.9
3/31/1990,19.7,13.3
4/1/1990,20.1,15.3
4/2/1990,17.8,14.7
4/3/1990,22.1,11
4/4/1990,28.8,12.2
4/5/1990,26.8,14.2
4/6/1990,27.1,17
4/7/1990,19.4,15.8
4/8/1990,19.1,15.2
4/9/1990,22.5,15.1
4/10/1990,26,14.7
4/11/1990,22.2,18.5
4/12/1990,28.4,16.4
4/13/1990,25.2,18.4
4/14/1990,20.9,15.1
4/15/1990,17.6,9.9
4/16/1990,17.2,10.2
4/17/1990,17.2,12.6
4/18/1990,18.7,13.2
4/19/1990,18.6,11.5
4/20/1990,21.8,13.8
4/21/1990,16.7,14.5
4/22/1990,17.9,14.7
4/23/1990,20.8,11.2
4/24/1990,21.2,12.7
4/25/1990,17.5,13.7
4/26/1990,16.6,11.5
4/27/1990,17.5,10.4
4/28/1990,18.1,8.9
4/29/1990,18.5,11.1
4/30/1990,19.8,9.5
5/1/1990,23,13
5/2/1990,21.2,13.9
5/3/1990,21.2,12.6
5/4/1990,23.1,14.3
5/5/1990,20.2,16
5/6/1990,18.1,13.3
5/7/1990,16.2,7
5/8/1990,18.7,4.9
5/9/1990,21.2,6.9
5/10/1990,19.3,13.7
5/11/1990,21.8,10.6
5/12/1990,19.9,12.3
5/13/1990,13.6,11.1
5/14/1990,14.7,10.2
5/15/1990,18,9.5
5/16/1990,19.3,8.9
5/17/1990,17.7,13.4
5/18/1990,14.6,9.1
5/19/1990,14.5,9.4
5/20/1990,14.4,8.7
5/21/1990,15.4,5.8
5/22/1990,14.5,4.5
5/23/1990,16.2,7.2
5/24/1990,14.2,10
5/25/1990,13.2,10.5
5/26/1990,15.2,10.7
5/27/1990,17.4,8.2
5/28/1990,13.7,6.1
5/29/1990,16.8,4.5
5/30/1990,17.7,6.1
5/31/1990,16.2,9.8
6/1/1990,13.2,9.7
6/2/1990,16.3,8.2
6/3/1990,16.3,8.4
6/4/1990,14.6,8.5
6/5/1990,13.9,10.4
6/6/1990,16,6.8
6/7/1990,18.4,6
6/8/1990,19,6.6
6/9/1990,17.4,7.8
6/10/1990,16.2,10.3
6/11/1990,16.3,7.2
6/12/1990,16.8,7.4
6/13/1990,14.6,11.4
6/14/1990,14.2,5.4
6/15/1990,13.3,4.4
6/16/1990,14,6.4
6/17/1990,11.7,9.3
6/18/1990,12.9,7.7
6/19/1990,12.7,8.1
6/20/1990,14.6,8.3
6/21/1990,15.1,9.1
6/22/1990,16.1,7.7
6/23/1990,16.2,10.6
6/24/1990,13,8.2
6/25/1990,12.4,7.9
6/26/1990,12.6,5.2
6/27/1990,9.7,5.9
6/28/1990,11.8,3.7
6/29/1990,15.8,5.6
6/30/1990,13.6,9.4
7/1/1990,8.9,7.4
7/2/1990,12.2,7.3
7/3/1990,13.2,7.7
7/4/1990,15.2,7.7
7/5/1990,12.6,9.3
7/6/1990,12.9,4.4
7/7/1990,15.9,5.7
7/8/1990,15.4,10.2
7/9/1990,15,10.2
7/10/1990,14.2,9.3
7/11/1990,15.7,5.4
7/12/1990,14.4,5
7/13/1990,14.7,7.6
7/14/1990,14.5,9.6
7/15/1990,15.5,10.4
7/16/1990,19.2,11.2
7/17/1990,18.2,9.1
7/18/1990,13.9,11.2
7/19/1990,15,6.8
7/20/1990,15.8,8.3
7/21/1990,15.7,9.7
7/22/1990,15.6,9.6
7/23/1990,17.7,9.8
7/24/1990,18.8,10.8
7/25/1990,15.2,9.2
7/26/1990,14.5,6.5
7/27/1990,13.5,8.1
7/28/1990,13.4,7.3
7/29/1990,12.4,7.9
7/30/1990,15.5,6
7/31/1990,13.2,5
8/1/1990,14,6.8
8/2/1990,14.1,9.8
8/3/1990,15.1,5.7
8/4/1990,17.2,8.6
8/5/1990,15.1,10.6
8/6/1990,14.5,7.8
8/7/1990,13.6,7.7
8/8/1990,13.1,8.6
8/9/1990,13.1,6.5
8/10/1990,13.3,6.9
8/11/1990,14.8,6.4
8/12/1990,15,8.5
8/13/1990,16.4,7.8
8/14/1990,15.3,9.3
8/15/1990,13.8,8.4
8/16/1990,13.5,7.8
8/17/1990,12.7,7.4
8/18/1990,13.1,7.7
8/19/1990,15.8,8.9
8/20/1990,16,9.7
8/21/1990,14.4,9.9
8/22/1990,11.9,6.1
8/23/1990,13.2,6.6
8/24/1990,12,7.6
8/25/1990,11.6,7.4
8/26/1990,12.1,8
8/27/1990,17.3,2.1
8/28/1990,17,5.9
8/29/1990,14.7,11.6
8/30/1990,17.8,8.6
8/31/1990,13.7,7.9
9/1/1990,16.6,6
9/2/1990,14.5,9.5
9/3/1990,13.6,8.6
9/4/1990,15.8,7.6
9/5/1990,16.4,10.4
9/6/1990,16.8,10.3
9/7/1990,14.6,7.5
9/8/1990,15.7,3
9/9/1990,19.7,5.3
9/10/1990,20.7,10.5
9/11/1990,18.6,14.6
9/12/1990,13.7,12.6
9/13/1990,11.9,9.8
9/14/1990,14,7.2
9/15/1990,14.6,10.1
9/16/1990,13.4,10.4
9/17/1990,16.6,3.7
9/18/1990,21,7.3
9/19/1990,23.2,11.6
9/20/1990,23.9,16.3
9/21/1990,17.8,9.6
9/22/1990,16.2,6.8
9/23/1990,22.1,5.2
9/24/1990,24.3,10.6
9/25/1990,19,16.3
9/26/1990,16.5,9.8
9/27/1990,17.1,4.6
9/28/1990,17.3,11.1
9/29/1990,16.8,8.7
9/30/1990,21.7,10
10/1/1990,20.1,11.3
10/2/1990,15,10.5
10/3/1990,14.8,9.9
10/4/1990,19.8,11
10/5/1990,24,14
10/6/1990,14,9.2
10/7/1990,15.3,9.8
10/8/1990,14.8,6
10/9/1990,16.8,9.8
10/10/1990,20.8,9.2
10/11/1990,12.9,11.8
10/12/1990,14.3,10.3
10/13/1990,18.9,7.5
10/14/1990,22.6,7.7
10/15/1990,24.7,15.8
10/16/1990,19.6,14.6
10/17/1990,20.2,10.5
10/18/1990,23.9,11.3
10/19/1990,15.1,10.9
10/20/1990,17.1,6.4
10/21/1990,15.3,10.9
10/22/1990,16,9
10/23/1990,16.8,10.9
10/24/1990,19.8,12.4
10/25/1990,27.2,11.6
10/26/1990,29.1,13.3
10/27/1990,31.4,14.4
10/28/1990,33.2,18.4
10/29/1990,33.7,13.6
10/30/1990,19.6,14.9
10/31/1990,31.8,14.8
11/1/1990,22.4,15.4
11/2/1990,21.4,11.8
11/3/1990,22,13
11/4/1990,21.6,11.1
11/5/1990,30.7,12.5
11/6/1990,30.2,18.3
11/7/1990,32.6,19.2
11/8/1990,26.6,15.4
11/9/1990,22,13.1
11/10/1990,16.3,11.5
11/11/1990,17.2,8.6
11/12/1990,25.5,12.6
11/13/1990,32.1,13.8
11/14/1990,18.4,14.6
11/15/1990,21,13.2
11/16/1990,16.8,12.3
11/17/1990,15.6,8.8
11/18/1990,18.5,10.7
11/19/1990,21.5,9.9
11/20/1990,28.1,8.3
11/21/1990,31.4,15
11/22/1990,20.9,12.2
11/23/1990,18.7,10.5
11/24/1990,19.9,11.1
11/25/1990,21.9,13
11/26/1990,19.1,12.9
11/27/1990,28.5,8.8
11/28/1990,26.2,14.7
11/29/1990,20.1,14.7
11/30/1990,19.9,12.7
12/1/1990,22.2,13.3
12/2/1990,31.4,13.2
12/3/1990,24.1,16.2
12/4/1990,35.2,17.3
12/5/1990,36.9,20.5
12/6/1990,33.2,20.2
12/7/1990,35.7,19.4
12/8/1990,21.1,15.5
12/9/1990,21.6,14.1
12/10/1990,18.6,11
12/11/1990,18.8,11.1
12/12/1990,18.7,14
12/13/1990,21.6,11.4
12/14/1990,22.4,12.5
12/15/1990,20.9,13.4
12/16/1990,23.3,13.6
12/17/1990,34.4,13.9
12/18/1990,20.7,17.2
12/19/1990,24.2,14.7
12/20/1990,22.2,15.4
12/21/1990,23.5,13.1
12/22/1990,30.3,13.2
12/23/1990,19.8,13.9
12/24/1990,23.3,10
12/25/1990,29.3,12.9
12/26/1990,20.9,14.6
12/27/1990,37.6,14
12/28/1990,23.2,13.6
12/29/1990,25.1,13.5
12/30/1990,24.4,15.7
12/31/1990,24.6,13
